,p,q,m,SSE,MSE,RMSE,MAE,MAPE,Adjusted-R2,AIC,q/p,t*,t**
미띵스,2.48396E-15,1.651187978,5596003.843,4863135795,243156789.8,15593.48549,9929.057774,0.93107715,0.997157693,392.1843404,6.6474E+14,20.67021939,19.87263734
딜라이트룸,4.46657E-15,1.548317022,39604184.55,5.05737E+11,24082735625,155186.1322,64155.57754,5.199245572,0.995322919,507.9999822,3.46646E+14,21.62304199,20.77246819
아테나스랩,4.9928E-07,0.882362958,658301.6805,4876391403,243819570.2,15614.72287,12890.39633,0.585318307,0.994157942,392.2387809,1767272.116,16.30274647,14.81021198
테이블링,1.22408E-05,0.432409474,110645494,9871539496,705109964,26553.90676,20465.10887,0.358197273,0.994127149,291.2341006,35325.31831,24.21792167,21.17238105
다날핀테크,2.3603E-11,2.224380902,2372750.324,19559499627,1629958302,40372.74207,24442.90861,0.885685221,0.993237988,260.5418432,94241610640,11.3600722,10.76801627
오케이쎄,3.44419E-10,1.194200989,63294638.57,10058538210,670569214,25895.3512,14241.96807,0.723887887,0.989439211,310.8545622,3467292177,18.39442437,17.29163019
데일리샷,4.43059E-07,0.680568427,4252191.992,2684407583,149133754.6,12212.03319,9619.051052,0.621942939,0.989295699,344.7663746,1536068.715,20.93063251,18.99554857
카카오페이,0.002084378,0.475107132,14226950.15,4.11999E+12,2.42353E+11,492293.1825,394988.5188,0.310409904,0.988367484,451.6322104,227.9371799,11.37713048,8.617320486
호갱노노,0.003737581,0.334845974,12298610.78,3.58866E+12,1.70889E+11,413386.9027,342124.6487,0.210172508,0.988293776,549.1498482,89.58896034,13.27658133,9.386971577
해피문데이,3.91748E-07,0.785134633,2043786.605,21754850306,1144992121,33837.73221,22260.63223,0.853103691,0.987853889,402.3146083,2004181.509,18.48184816,16.80448331
팔로,0.012436457,0.648163726,11880686,3.51745E+12,2.51247E+11,501245.2196,422519.9559,29.91308741,0.984742623,373.4958202,52.11803701,5.984725997,3.99114814
문토,2.0285E-07,0.799707902,4540468.252,420992961.7,28066197.45,5297.754,4591.408773,0.9661359,0.984671525,263.2511471,3942365.899,18.99104373,17.34424549
당근마켓,0.000435654,0.458509627,70589855,1.63777E+14,7.79888E+12,2792648.147,2101259.867,0.321565263,0.984244165,629.3850361,1052.463459,15.1627855,12.29325409
페이타랩,0.001005046,0.593914845,888685.5245,14168694361,1012049597,31812.72697,22102.96337,0.264448131,0.983856308,296.2934078,590.9327372,10.72699415,8.513321496
시프티,0.003370929,0.191631913,852326.0228,5852158623,278674220.1,16693.53827,13661.26213,1.403822361,0.983139496,414.3566337,56.8483965,20.71963654,13.96610473
고퀄,0.00495849,0.574510578,438321,4748336638,365256664.5,19111.68921,15363.5248,4.156300372,0.981321806,262.3094411,115.8640298,8.201330515,5.928633022
모두의클래스,7.21928E-12,1.363802074,779965.2455,8650460058,432523002.9,20797.18738,16242.26709,8.841634617,0.979105413,403.7029214,1.88911E+11,19.03835065,18.07269887
에이블리코퍼레이션,0.002005525,0.338294871,15572395.95,9.42276E+12,4.48703E+11,669852.9178,504477.678,0.264271359,0.978930196,569.4221645,168.6814822,15.0690751,11.19908871
오아시스,0.012458761,0.364763433,1831550.234,91696812117,6113120808,78186.449,66589.46615,0.59934656,0.977942805,344.0055488,29.27766608,8.951819467,5.460620064
뉴로메카,8.4712E-08,0.766573162,1076358.012,65580058.12,3857650.478,1964.090242,1465.314604,1.033069058,0.972728354,263.8146708,9049165.868,20.89582855,19.17784804
만인의꿈,2.04486E-06,0.353797594,7602735267,4.33836E+13,2.28335E+12,1511074.746,1092237.296,0.434084443,0.972092418,546.6766049,173017.6523,34.09033693,30.36801008
매스프레소,0.012743831,0.374817368,6767258,3.44935E+12,1.64255E+11,405283.328,307959.6398,0.558623088,0.968791017,548.3183504,29.41167224,8.724793969,5.326729609
빌리어네어즈,0.030256363,0.524994425,617476.4002,13007071570,1182461052,34386.93141,27429.57214,1.182352253,0.967885536,235.7995011,17.35153753,5.139445418,2.767620066
발란,1.92971E-06,0.378717646,98843357.11,78952972622,3759665363,61316.11014,45829.72471,0.546144629,0.967603862,468.9995116,196256.1476,32.17994725,28.70255136
어바웃펫,1.65474E-11,1.269781212,1942835.119,1.08781E+11,5180046086,71972.53702,31705.70658,0.831361243,0.967384616,475.7296756,76736057148,19.73854811,18.70139471
컬리,0.003893798,0.269344019,19484768.5,1.77371E+13,8.44622E+11,919033.284,650716.1627,0.180883095,0.966941765,582.70526,69.17256751,15.50519034,10.6853674
올리브유니온,1.18115E-12,1.631678658,581900,21199102001,1059955100,32556.95164,20989.63446,0.862157918,0.966246212,421.6298477,1.38144E+12,17.13213892,16.3250205
브레이브모바일,0.002755201,0.225517709,8285516.488,1.51319E+12,72056879169,268434.1244,209583.2495,0.206313874,0.96560016,531.0151543,81.85162449,19.29667493,13.52744943
버킷플레이스,0.000142507,0.571434117,23803129.77,5.24488E+13,2.49756E+12,1580367.253,1102813.053,0.432195754,0.963699294,605.4730483,4009.856079,14.51513283,12.21105348
와이랩,1.32652E-11,1.415201237,937520,65486957663,3118426555,55842.87381,33871.47393,1.204972772,0.962800686,465.0724825,1.06685E+11,17.94313381,17.01255386
에프아이에프엘,0.003948752,0.223573668,206456.1218,348039554.6,21752472.16,4663.954562,3543.137078,0.480028731,0.961218252,276.3238075,56.61881532,17.74041146,11.95215598
클래스101,0.000559319,0.640196934,7005776,4.20963E+12,2.47625E+11,497619.7101,318097.513,0.277139762,0.959679344,451.9981086,1144.601742,10.99140587,8.936087809
하얀마인드,2.28603E-06,0.951362667,690450,33318104326,1959888490,44270.62784,28438.28289,0.569524418,0.959652543,369.7346081,416163.3443,13.60028355,12.21600101
마드라스체크,2.55993E-05,0.187120738,51204132.59,7166030910,341239567.2,18472.67082,15718.01465,0.346972236,0.95827719,418.610002,7309.596962,47.540035,40.50298625
땀,0.010874421,0.145049505,1688290.744,88308315635,4205157887,64847.18874,54850.58108,0.174235527,0.958065169,471.3511312,13.33859583,16.61490863,8.168752002
팀블라인드세일즈앤마케팅코리아,0.000400035,0.073880497,570393789.8,8.98809E+12,4.28004E+11,654220.2475,443046.9469,0.146753608,0.956391858,568.4303724,184.6851772,70.25599485,52.52647849
비누랩스,0.023227923,0.132669704,10045730.78,4.88253E+12,2.32501E+11,482183.9675,410572.998,0.161195669,0.956175164,555.6154018,5.71164719,11.1772545,2.7296731
링커리어,0.001788368,0.570448742,1144194,93853208464,6256880564,79100.44604,68086.93905,0.351630164,0.951712563,344.3542138,318.9771925,10.07470417,7.773284227
아임웹,9.23585E-06,0.689477255,4997200.563,2.63789E+12,1.25614E+11,354420.3168,288111.407,0.612036652,0.950508056,542.6860306,74652.25274,16.27384457,14.36378844
밸류맵,0.021122511,0.201994789,722134.4298,37412674911,1969088153,44374.40876,35824.82584,0.408488717,0.95003424,412.6158917,9.563010302,10.11980051,4.217264496
미리디,3.38093E-06,0.732379887,4833650,2.59149E+12,1.23404E+11,351289.1869,224771.0959,0.660964619,0.94869657,542.3133324,216620.8355,16.77523824,14.97705694
우리은행,0.000500384,0.537608406,25180972,8.2341E+13,3.921E+12,1980151.893,1626328.49,0.490654209,0.947597402,614.9447328,1074.392636,12.97044562,10.52306338
퍼퓸그라피,0.000938528,0.166596378,1354078.551,2877723124,143886156.2,11995.25557,9194.727749,0.267289662,0.945621435,381.6906593,177.5080671,30.9130566,23.05225957
펫프렌즈,0.002668117,0.319569667,705191,42662485376,2133124269,46185.75829,28110.02055,0.715103299,0.944875983,435.6170707,119.7734966,14.85115239,10.76423905
유니크굿컴퍼니,2.22115E-13,2.104132344,460674.8346,20835322994,1225607235,35008.67371,27183.79334,0.726539886,0.944229307,361.7539384,9.47318E+12,14.20038338,13.57449219
노써치,0.001159601,0.475401999,519428.5546,4466813896,343601068.9,18536.47941,16171.56384,0.475423015,0.944113284,261.5148942,409.9704202,12.62393994,9.860482083
와이오엘오,0.000459621,0.417784861,591586.9081,21327191464,1122483761,33503.48879,17959.11379,0.760582241,0.942451365,401.9373845,908.9758885,16.28788629,13.13911098
아파트너,0.006657687,0.247810878,1613655.597,2.21362E+11,10541045610,102669.5944,82209.40424,0.242314572,0.940183472,490.6493942,37.22176696,14.21351875,9.038192301
부동산플래닛,0.001608325,0.437159088,559542.4788,25681990092,1510705300,38867.79257,26199.63343,1.066549168,0.94012783,365.3093219,271.8102187,12.77465905,9.773164728
브랜디,0.002931937,0.350817523,4543838,2.36796E+12,1.1276E+11,335797.803,267051.5957,0.304630914,0.939676999,540.4191082,119.6538342,13.52539976,9.802544897
플렉스핏,6.99793E-08,0.659485518,11766030.25,504612326.9,29683078.05,5448.217878,3333.097237,1.987631289,0.939111832,298.5034905,9424010.101,24.35045063,22.35350343
비주얼,0.000716065,0.478352359,286758.981,7605694681,422538593.4,20555.74356,16304.27507,0.447153583,0.938992925,363.5122442,668.0293441,13.57704198,10.82804448
메가존클라우드,0.000385769,0.481537129,213187.7626,1559296693,97456043.32,9871.982745,6367.499189,0.413912167,0.938954556,300.3185919,1248.253537,14.79386168,12.06114675
비바리퍼블리카,0.029737584,0.218645148,44847246,2.02359E+14,9.63615E+12,3104214.399,2725749.423,0.170372728,0.937846717,633.8273917,7.35248539,8.032113943,2.729982484
클래스카드,0.00250912,0.407986224,5204442,4.26909E+12,2.0329E+11,450877.117,314852.9811,0.180672363,0.937650542,552.7959048,162.6013162,12.40282349,9.19460708
콘텐츠웨이브,0.005012821,0.227344897,39872020.62,1.05215E+14,5.01022E+12,2238351.947,1721918.898,0.280108093,0.937253389,620.0925174,45.35268183,16.41636585,10.74856232
밀리의서재,0.006662515,0.304441724,5332531,3.30252E+12,1.65126E+11,406356.8632,300728.6922,1.147155341,0.935273605,522.599481,45.69471677,12.28521571,8.052043247
트렌비,3.5042E-06,0.262351553,423562661.4,1.6544E+11,7878083448,88758.56831,70753.79557,0.435300113,0.934763804,484.5343604,74867.8179,42.7797335,37.7599793
드림어스컴퍼니,0.009125838,0.436120835,4613538,3.57872E+12,1.70415E+11,412813.5471,312831.9813,0.222210518,0.932700193,549.091555,47.78967486,8.684645711,5.726829344
큐리어슬리,0.007457316,0.258236785,288185.6506,10417722280,496082013.3,22272.89863,17200.22889,0.631133985,0.932503097,426.4672882,34.62864842,13.34121196,8.384542288
더브이씨,0.003167838,0.299890925,677992.2361,43778990612,2188949531,46786.2109,31611.66628,0.260324478,0.930696567,436.133752,94.66736968,15.01480878,10.66925585
백패커,0.016071466,0.228287287,11591518.63,1.49774E+13,7.13207E+11,844516.104,660372.3786,0.1913367,0.930544982,579.1538015,14.20450957,10.85927746,5.469833108
화이트큐브,0.003162181,0.021943428,97819600.32,1.82139E+12,1.30099E+11,360692.4263,300497.7046,0.830792911,0.930263328,364.2818643,6.939334063,77.16227232,24.70555184
네오사피엔스,0.000216603,1.031996599,922497,62235901366,5657809215,75218.41008,56715.80924,0.537464941,0.930099373,253.0193285,4764.450276,8.204639725,6.928781313
레드블루,0.005388847,0.352188497,310750,12874361862,677597992.7,26030.71249,17513.18476,0.974502721,0.929100088,392.34723,65.35507453,11.68931744,8.006315939
휴마트컴퍼니,0.000630797,0.206786279,1757792.449,12614489230,600689963.3,24508.9772,16606.19831,0.304067818,0.928581984,430.4853793,327.8175534,27.92661686,21.57729441
스포카,1.65428E-07,0.505679569,12797595.54,2042695684,97271223.06,9862.617455,8601.046439,0.655534089,0.92820681,392.2532887,3056800.759,29.53031023,26.92597826
디어코퍼레이션,0.002204947,0.853497686,669392,46335969029,3861330752,62139.60695,43282.58779,0.233823896,0.927407566,270.8913326,387.083117,6.963446425,5.424409562
공팔리터,5.88197E-12,1.416186731,1746053.452,3.21085E+11,15289742007,123651.6963,104415.3027,0.778176999,0.927140174,498.4594077,2.40768E+11,18.50539709,17.57546471
키다리스튜디오,4.38693E-13,1.656563969,10414303,1.70516E+13,8.11982E+11,901100.533,763091.546,0.778859866,0.925939467,581.8776286,3.77614E+12,17.48180148,16.68680779
고고밴코리아,0.003907207,0.632706115,354658,13853924803,1065686523,32644.85447,25157.91981,0.359481146,0.924667736,276.2295057,161.9331125,7.991009919,5.922316329
카펜스트리트,0.000129524,0.93785388,412111,17821962071,1370920159,37025.93901,28232.15699,0.49539188,0.924661143,279.503724,7240.768017,9.475095745,8.071064617
야놀자,0.001368691,0.001475162,398369599.4,1.36896E+13,6.51886E+11,807394.3833,662996.157,0.159366654,0.924287269,577.2658363,1.077790386,26.34208609,-436.747303
콘텐츠퍼스트,2.08034E-13,1.700764147,29373018,1.51944E+14,7.23541E+12,2689870.96,1555921.477,0.87750813,0.924251603,627.8101588,8.17542E+12,17.48164368,16.70731062
딥서치,0.00256037,0.703993827,61836,332717043.4,27726420.28,5265.588313,4671.523291,0.463284386,0.92217415,211.6547558,274.9578231,7.949309105,6.085392789
노티플러스,5.10294E-05,1.261026467,15476558,2.37121E+13,2.15565E+12,1468212.64,916253.9478,0.797479563,0.920073157,318.3902392,24711.77522,8.020946509,6.976634878
모두닥,9.74697E-11,1.48477202,2050043,6.13763E+11,32303331249,179731.2751,147785.3612,0.750182608,0.919480498,465.7702877,15233165100,15.79147538,14.90449888
운칠기삼,0.009579467,0.336288936,2417793,9.18499E+11,43738065108,209136.4748,152419.5744,0.778645527,0.918441225,520.5311769,35.10518123,10.28815787,6.480472969
같다,0.000694858,0.291107216,1886964.452,1406719178,117226598.2,10827.12326,7490.106627,0.269507546,0.917992247,228.9554323,418.9449699,20.69121542,16.17802647
팬딩,3.35968E-11,1.991225956,597102,53546362938,3346647684,57850.21766,50319.14408,0.734351702,0.917556761,356.8995998,59268309596,12.45732084,11.7959404
더블엔씨,0.003751109,0.072072877,17795629.39,1.20555E+11,10046289857,100231.1821,83668.09042,0.32260305,0.917180053,282.3656308,19.21375007,38.9800947,21.61147616
토스뱅크,0.029226734,0.224536775,42133355,2.32786E+14,1.10851E+13,3329424.817,2993031.689,0.188361309,0.916056996,636.769025,7.68258186,8.034865521,2.845159952
헬로네이처,0.001619826,0.371760918,473576,33811833506,1610087310,40125.89326,31176.10607,0.365331867,0.915068627,451.1906391,229.5066571,14.55868339,11.03156552
자락당,1.32659E-11,1.671682944,57241.59667,144958898.9,9059931.183,3009.971957,2234.286927,0.81824714,0.914525405,262.3099533,1.26013E+11,15.28977404,14.50197041
자란다,0.000633326,0.2016378,1239653.243,1250200791,73541222.99,8575.617936,5031.552663,0.238715176,0.914259606,313.9270633,318.3791519,28.49266271,21.98180809
한국신용데이터,0.009643562,0.299718187,503509,42001364515,2100068226,45826.50135,34665.25716,1.212910011,0.912986432,435.3047134,31.07961487,11.1085231,6.851507157
앵커리어,0.013168601,0.21520466,2357107.661,7.93992E+11,37809122624,194445.6804,134704.9758,0.181536623,0.911833937,517.4721412,16.34225736,12.2332808,6.466590377
링글잉글리시에듀케이션서비스,0.003247786,0.255422974,354898.5355,12464423522,593543977.2,24362.758,18062.48137,0.333217109,0.911524572,430.2340592,78.64524906,16.87452893,11.78327742
구루미,0.001231114,0.429724141,844362,1.54993E+11,7380618622,85910.52684,56534.79972,0.558226877,0.911247934,483.1645892,349.0531462,13.58661747,10.53071345
구름,0.001590587,0.381241964,1153711.283,2.51398E+11,11971342531,109413.6305,78369.63421,0.367960029,0.910101377,493.3214117,239.6862863,14.31260459,10.87256823
왓챠,0.005364818,0.252230835,15516422.69,3.28298E+13,1.56333E+12,1250330.082,904726.7336,0.249807642,0.90776596,595.6345619,47.01572597,14.94777605,9.835275592
와이피랩스,0.014754784,0.577708603,421837,24551983475,1753713105,41877.35791,33359.63708,0.769440487,0.907584777,303.9900161,39.15398709,6.190259753,3.967408643
서울보증보험,0.005516221,0.221504413,967591.5347,91755692395,4369318685,66100.82212,53354.69791,0.371776069,0.906671028,472.1553315,40.1551029,16.2661405,10.46509117
무신사,0.002951024,0.187749083,47924035.73,8.21031E+13,3.90967E+12,1977288.915,1343754.111,0.286169174,0.904331396,614.8839636,63.6216712,21.77740858,14.87149796
원티드랩,0.004251131,0.17193198,4363673.562,7.91144E+11,37673510626,194096.6528,145855.5463,0.274612762,0.90429913,517.396684,40.44382322,21.00038945,13.52545105
팔루썸니,0.000419461,0.644142174,1568048,4.71286E+11,27722702888,166501.36,126519.9282,0.486792968,0.902944408,414.7737977,1535.641429,11.38246995,9.339286144
탈잉,0.013571687,0.368226051,925273,2.11969E+11,10093742370,100467.6185,75877.26895,0.251745708,0.901115029,489.7388115,27.13192825,8.64518268,5.195822552
크라우드픽,0.000268105,0.637523916,1215626,3.4162E+11,18978898532,137763.9232,88358.41791,0.513547391,0.900113441,431.9986847,2377.885009,12.18887421,10.12400376
디셈버앤컴퍼니자산운용,1.29362E-05,0.280687111,84931079.38,27679057787,1628179870,40350.7109,26268.59789,3.299175531,0.899446643,366.5823859,21697.76374,35.57165224,30.87996121
그램퍼스,1.93318E-11,1.498673563,265396.5631,5983179141,332398841.1,18231.8085,9635.627255,0.945810715,0.899393138,359.1932304,77523580161,16.73069346,15.85194446
인프랩,0.000756236,0.313511568,5291212.694,2.11355E+12,1.00645E+11,317246.7066,249521.2424,0.532826634,0.89781798,538.0322702,414.5682649,19.17866724,14.98810787
팀오투,0.013845485,0.303076898,206518,6970001044,410000061.4,20248.45825,16519.35497,0.30836078,0.897070882,343.1383537,21.88994437,9.737486309,5.582027542
클라우드스톤,0.000539229,0.128762307,2038593.034,655739894.9,38572934.99,6210.711311,4662.410591,0.464205391,0.894909944,302.9570442,238.7894659,42.34738753,32.16221932
빔모빌리티코리아,0.003059351,0.612869921,1300254,2.74626E+11,19616130030,140057.5954,112132.4151,0.390104412,0.892329875,337.7946524,200.3267501,8.60480256,6.466638399
집토스,0.023636962,0.201678825,363199,24871991465,1184380546,34414.83032,24638.66234,0.162773283,0.890473865,444.7422003,8.532349823,9.514933836,3.669990979
에이블트리,0.015858211,0.315336111,133196,3681801452,175323878.7,13240.99236,10334.81033,0.228241551,0.890405026,404.6250567,19.88472151,9.027786645,5.051396318
카페24,7.2058E-05,0.517701513,256647.657,10806384051,514589716.7,22684.57001,18730.50514,0.647529168,0.887811294,427.23649,7184.51351,17.14974185,14.60624027
스윗테크놀로지스,0.021363463,0.324162144,147230.7334,1894244875,157853739.6,12563.98582,10050.99754,1.204516741,0.886134282,232.5261536,15.17367005,7.870796348,4.059333848
데이콘,0.002360967,0.501965541,115904,1926482250,128432150,11332.79092,9034.408149,0.433682344,0.885351804,286.0636696,212.6101789,10.62696538,8.015645384
라프텔,0.0028097,0.294027608,11028443.49,2.20307E+13,1.04908E+12,1024246.707,766624.9423,0.590125463,0.884819296,587.2576552,104.6473455,15.66715491,11.23052292
위트레인,0.05795003,0.049670861,220960.0178,1820140035,151678336.2,12315.77591,9662.1008,0.714885892,0.883022876,232.0472715,0.85713262,-1.432460014,-13.66946983
딜리버리히어로코리아,0.032997387,0.112490357,34827843.11,1.71607E+14,8.17176E+12,2858628.855,2301755.819,0.217567388,0.882340518,630.3658112,3.409068586,8.429844877,-0.622174641
위시켓,0.000147773,0.510683811,1142414.42,2.88059E+11,13717073758,117119.9119,94580.0741,0.575629869,0.881664265,496.1800502,3455.862492,15.95012446,13.37205775
피플카,0.000717163,0.302477359,541945.9828,20789856296,989993156.9,31464.1567,24043.45673,0.449651307,0.880513015,440.9773804,421.7691393,19.935908,15.59230084
코드스테이츠,3.2225E-05,0.658355994,116021,2724551364,143397440.2,11974.86702,9303.168948,0.666288718,0.880476987,362.8414821,20429.95518,15.07432425,13.07404864
바닐라브릿지,0.00791659,0.409360719,30219,183024181.3,11439011.33,3382.160749,2345.56195,0.493238983,0.880470661,266.0406419,51.70922015,9.455668971,6.299595377
정육각,0.000259123,0.455324571,619195,90032655861,4287269327,65477.24282,36154.06642,0.597036749,0.879599142,471.7572328,1757.174846,16.39975857,13.50905393
프레시코드,0.000211215,0.162824935,3709744.754,1784737187,93933536.15,9691.931497,6903.627518,0.340561075,0.879367273,354.8038625,770.8960174,40.77349415,32.69578931
프렌트립,0.017897737,0.362557253,682141,1.06283E+11,5061097415,71141.39031,48502.08582,0.178654071,0.879174076,475.2418327,20.25715634,7.907658486,4.446124451
디스코,0.007923601,0.282170833,982018,1.78327E+11,9385626121,96879.44117,62833.55663,0.258014163,0.878246665,442.2864592,35.61144016,12.31553084,7.775775002
와디즈,0.003827771,0.333575422,6757391,1.26076E+13,6.00361E+11,774829.8116,513557.5218,0.663583347,0.876357376,575.5367448,87.14612245,13.24109069,9.337873635
비햅틱스,0.000826169,0.337058826,612879.1726,29301577065,1542188267,39270.70494,25546.39157,0.4065886,0.876297829,407.9728957,407.977999,17.79070789,13.89305657
플레이스5,0.000714724,0.036367695,61754826.81,3.41266E+11,16250758641,127478.4634,103990.9715,0.22695354,0.875129264,499.739514,50.88353196,105.9677187,70.45337155
와이어바알리,4.60421E-05,0.560168286,240740.0245,12162301477,579157213.2,24065.68539,18376.30348,0.573300555,0.8722506,429.718775,12166.42656,16.79077996,14.43996915
더블유컨셉코리아,0.00134601,0.20499464,16708509.71,6.44507E+12,3.06908E+11,553992.751,447122.0782,0.480667063,0.871344356,561.446089,152.2980613,24.35700163,17.97455638
핏펫,0.004578419,0.392529161,203389.0142,7676631481,479789467.6,21904.09705,14418.05688,0.348302031,0.868861209,325.8217273,85.73466011,11.20919721,7.892821594
마보,0.031210794,0.232083104,736311,1.08228E+11,5153727933,71789.46951,55444.78975,0.171316951,0.868828478,475.6227094,7.435988413,7.620121563,2.618266581
스마트로,0.000684297,0.10409306,5957978.572,724300504.4,65845500.4,8114.52404,6754.498553,0.264171127,0.867962235,204.0310382,152.1168428,47.9554846,35.38637678
그립컴퍼니,0.000414682,0.311270775,27222912.63,5.42034E+11,41694910096,204193.3155,121268.8713,0.985633169,0.867934517,323.8973837,750.6253422,21.24227003,17.01699141
그린카,0.044094593,0.113977351,1362361.823,3.21323E+11,15301074366,123697.5116,110572.343,0.197761698,0.867015108,498.4749665,2.584837379,6.007787188,-2.323595777
크몽,0.00031048,0.126204145,94517871.8,1.87672E+12,89367658730,298944.2402,255452.5321,0.407156928,0.866311056,535.5365186,406.4804136,47.48491133,37.07538043
티빙,0.000275004,0.082886765,2376749907,2.81762E+14,1.34172E+13,3662956.07,3159772.754,0.323234344,0.865527778,640.778804,301.4020432,68.64266047,52.80656277
사람인에이치알,0.001716169,0.354927461,30962126.27,2.42397E+14,1.15427E+13,3397457.747,2630047.351,0.420353834,0.865423359,637.6185955,206.8137941,14.94999038,11.25734656
쿼터백그룹,8.24908E-05,0.243964319,3214813.431,157592213.2,11256586.66,3355.083703,2541.674138,0.865719812,0.865194386,233.3104959,2957.474213,32.74818822,27.35185505
크라우드웍스,0.005185846,0.374702742,269798,17056309917,947572773.2,30782.67001,23606.54639,0.599969882,0.862440615,378.0494574,72.2548958,11.2669878,7.800292727
라라잡,0.000174923,0.756722285,478475.0889,13544954343,1128746195,33596.81823,25802.73152,0.570280605,0.862337407,256.1324795,4326.036011,11.06148476,9.321541891
빅쏠,0.002902854,0.034033359,5165630.235,14798106347,986540423.2,31409.24105,26739.25914,0.35049883,0.861078141,316.6457229,11.72410321,66.64589028,30.99096587
인플루엔셜,0.013395994,0.329709098,1901459,9.08563E+11,50475740017,224668.0663,164158.3532,0.408550049,0.858733279,449.6056559,24.61251499,9.336075539,5.497724173
핀다,1.54493E-05,0.18087529,276448258.6,2.07899E+11,9899949252,99498.48869,80119.21426,0.383437593,0.858505728,489.3317048,11707.69759,51.78817802,44.50777273
에이치소사이어티,0.021087095,0.377191911,345643,32098637467,1528506546,39096.11932,28517.50938,0.200329642,0.857908764,450.0986966,17.8873339,7.241388107,3.934766677
투스라이프,0.000928478,0.357018424,3477722.876,2.52992E+12,1.20472E+11,347091.2225,274970.9611,0.48991052,0.855641205,541.8084024,384.5199276,16.62815234,12.9489533
더스윙,0.007411573,0.39092987,1011567.471,75971681059,6330973422,79567.41432,58257.39432,0.313340203,0.855545432,276.8246381,52.74586782,9.954990864,6.648887727
벤디스,0.026997136,0.127277484,286019,14305990326,715299516.3,26745.08397,18909.46401,0.376716296,0.855380347,413.7642383,4.714480946,10.05115959,1.514707525
머스트잇,4.15334E-05,0.143603999,469223509.5,1.54839E+12,73732850019,271537.9348,216849.9883,0.363245982,0.853268689,531.4979995,3457.557829,56.72517382,47.55706482
바잇미,1.2097E-07,0.45570557,30186154.44,2107871483,100374832.5,10018.7241,8639.959232,0.737115432,0.853069663,392.9128633,3767108.461,33.22718713,30.33725637
미소,0.041063884,0.1260803,490269,56366287536,2684108930,51808.38668,39141.43749,0.214341094,0.852654994,461.9229074,3.070345244,6.711510916,-1.167661837
스파코사,1.21073E-16,2.279441145,19223.03117,63311057.3,3517280.961,1875.441538,1533.390625,0.90275564,0.852247427,277.3175783,1.88271E+16,16.44002582,15.86227109
클라썸,0.00614019,0.381327365,164298,6123639301,382727456.3,19563.42139,14166.96885,1.775702052,0.85096754,322.2053391,62.10351353,10.65586656,7.256980954
뮤직플랫,8.50077E-05,0.1921537,15361307.08,1429449056,102103504,10104.62785,8175.896422,0.782626025,0.850267225,264.1809664,2260.427183,40.17561916,33.32498062
퍼블리,0.003153283,0.1255037,1596414.948,45099464924,2147593568,46342.13599,35978.86664,0.301004123,0.846247929,457.2398894,39.80096758,28.63343413,18.3972396
아키드로우,1.89705E-06,0.381639337,15636951.85,937897007.8,52105389.32,7218.406287,5985.415968,0.867789819,0.845871934,325.838021,201175.5194,31.99846333,28.54768868
메디스트림,0.005721036,0.486995908,34798.26092,191841569.4,14757043.8,3841.489789,3008.209377,0.41912247,0.845240289,220.5940039,85.12372008,9.019591834,6.346743027
플래너리,5.78254E-05,0.202500597,6181765.933,219780567.4,14652037.83,3827.798039,3120.145522,0.817142669,0.843997884,253.5013498,3501.934437,40.28996021,33.78834019
애드락애드버테인먼트,0.00107072,0.055749709,19395340.03,1.76901E+11,8423860775,91781.59279,75080.06071,0.307636659,0.843108526,485.9410158,52.06747374,69.56196056,46.3844183
나이키코리아,0.023646481,0.184705371,225599798,1.68711E+16,8.03388E+14,28344100.27,21064074.17,50.0649413,0.842851405,726.7170374,7.811114574,9.865751846,3.544915786
매스아시아,0.014026165,0.355518212,780352,1.25375E+11,8358300667,91423.74236,68134.49606,3.819382641,0.842847723,348.6978146,25.34678663,8.747669189,5.183935093
눔코리아,0.009537464,0.275384953,18353162,1.03309E+14,4.91947E+12,2217987.501,1546390.658,0.378970628,0.842001929,619.7086541,28.87402399,11.80301082,7.180847662
하우투비즈랩,7.14921E-08,0.494833635,13443391.82,254455957.5,12722797.87,3566.903121,2715.446673,0.720114584,0.840082319,333.178121,6921510.592,31.82916683,29.16775173
패스트레인,0.002636515,0.189211258,954320.7331,38091613449,1904580672,43641.50172,30304.04721,0.36683311,0.838262752,433.350554,71.76567401,22.27498514,15.41038683
웍스아웃,0.000270129,0.460487602,818398,2.13177E+11,10151300104,100753.6605,73650.83193,0.561724053,0.836754462,489.8582201,1704.696977,16.14979447,13.29155073
더파이러츠,0.000685571,0.031297495,46818778.86,2.34069E+11,11146157901,105575.366,84194.45944,0.225113549,0.83621197,491.8215745,45.65169997,119.4707475,78.2940235
겟차,0.034789194,0.159248716,324458,26968304842,1284204992,35835.80601,30332.76077,0.257669088,0.834770837,446.4415193,4.577533995,7.839501197,1.052384699
리디,0.00029468,0.084696355,517317661.6,2.18662E+13,1.04125E+12,1020415.557,804961.2542,0.275324374,0.832622833,587.1002615,287.4178937,66.60628651,51.11102991
뉴지스탁,0.001746394,0.29401742,110128.2739,1772142962,88607148.09,9413.136995,7302.258233,0.923910992,0.831763867,371.9944618,168.3568971,17.33168791,12.87895287
뱅크샐러드,0.016305649,0.398359624,6815892,1.98115E+13,9.43405E+11,971290.192,694976.9421,0.392481026,0.831193062,585.0279836,24.43077414,7.707044177,4.531090016
자이언트스텝,2.84382E-09,0.988248058,91689.83843,847138370.8,40339922.42,6351.371696,5056.075335,0.782784696,0.831151114,373.7698955,347506650.5,19.90015983,18.56754108
앱포스터,3.20229E-12,1.397725115,734492.0244,94468411918,4498495806,67070.82679,57617.34903,0.778643029,0.830777114,472.7671872,4.36476E+11,19.17544414,18.2332289
브랜드엑스코퍼레이션,0.001727003,0.030833661,14775809.39,1.76028E+11,8382296866,91554.88445,76573.34583,0.713326533,0.830231695,485.8371439,17.85385109,88.5184397,48.07215551
생활연구소,0.008803173,0.279932852,214371,18425333372,877396827.2,29620.88498,22893.40889,0.61186656,0.828430282,438.4418685,31.79908658,11.98131603,7.42020213
닥터다이어리,0.000226924,0.073824621,22010602.1,18139804814,863800229.2,29390.47855,23618.27132,0.413647193,0.825541226,438.1138938,325.3271209,78.11898039,60.33463984
비프로컴퍼니,5.11637E-05,0.17041841,10194206.87,1421041703,74791668.57,8648.217653,6647.292077,0.614861869,0.825329719,350.474124,3330.84574,47.5802299,39.85475804
플랭,0.005710489,0.729309303,72968,1325252135,110437677.9,10508.93324,8513.618551,0.562575186,0.824224253,228.239543,127.7139919,6.598180598,4.806449392
키튼플래닛,0.013139356,0.233165459,86930,1691908249,93994902.72,9695.096839,7161.748847,0.27355513,0.823866061,336.45752,17.74557698,11.677142,6.330279832
아우름플래닛,3.48466E-06,0.611801131,2184060.972,4.84199E+11,23057086721,151845.6016,128623.4706,0.621114175,0.823266674,507.0860192,175569.8336,19.73798799,17.58540878
먼치팩토리,9.93476E-05,0.203863537,5070095.442,1489516347,87618608.66,9360.481219,5938.019038,0.877261599,0.822633597,316.9045673,2052.022754,37.3920055,30.93515478
키노라이츠,0.000676688,0.557987769,3243264,2.28289E+12,1.52193E+11,390118.6622,228885.01,3.128978779,0.822222161,392.226187,824.5862773,12.01952565,9.662193127
브레인커머스,0.000921814,0.053755629,218834504.3,1.82118E+13,8.67226E+11,931249.8022,736442.2162,0.266031668,0.821471451,583.2598791,58.31505012,74.36083307,50.27488783
쉐어잇,2.22888E-12,1.825167715,48460,497182066.9,29246003.93,5407.957464,4277.639894,0.753243789,0.821401621,298.2513096,8.1887E+11,15.02940882,14.30785436
반려생활,2.75711E-05,0.336713484,17390378.59,452028773,41093524.82,6410.423139,5109.91067,0.394479957,0.819902899,198.8449723,12212.54252,27.94497028,24.03407829
보고플레이,0.000262052,0.882722847,668687,1.32269E+11,10174510042,100868.7763,65843.40048,2.755340301,0.817050543,305.5609684,3368.498414,9.198597118,7.707113064
스파크플러스,1.54659E-05,0.188614463,9540151.946,488758705.7,23274224.08,4824.336647,3757.876331,1.007933986,0.814660826,362.2199979,12195.48289,49.87978825,42.89808654
투믹스,1.22631E-05,0.635793379,146760189,7.65971E+15,3.64748E+14,19098384.27,12970306.75,0.712077394,0.812944769,710.1348005,51845.95581,17.0744509,15.0031294
스테이폴리오,0.006406591,0.210791122,149611.2062,4742872421,225851067.6,15028.34215,11877.79285,0.367803891,0.811705694,409.9431133,32.90222671,16.08460918,10.02120328
유리벳코리아,0.019257268,0.391999132,5910669,1.58062E+13,7.90311E+11,888994.1015,635244.0895,0.457969566,0.811448002,553.9138352,20.35590553,7.327232028,4.124952633
나인탭,0.007182187,0.266341255,827898,1.92829E+11,10148890257,100741.7007,61540.7585,0.296286415,0.806939465,443.7719738,37.08358893,13.20974356,8.394953691
번개장터,0.000273779,0.046940926,2052938044,9.94213E+13,4.73435E+12,2175855.251,1790863.046,0.266222445,0.805307241,618.9031593,171.4556784,108.9559872,81.06302682
클로버추얼패션,0.000157875,0.072897734,50692774.08,48981205928,2332438378,48295.32459,39428.91697,0.342584235,0.804349804,458.9737815,461.7423127,83.97721944,65.9504327
한국증권금융,0.018554161,0.159377043,157400.7838,4167429213,231523845.2,15215.90764,13813.3788,3.148363892,0.80429237,352.6834817,8.589827305,12.08657379,4.685073297
뉴플로이,0.019309882,0.355379173,192546,12474395860,594018850.5,24372.50193,18322.63339,0.237146487,0.803935849,430.2508538,18.40400577,7.773294447,4.258492289
소프트베리,0.000177412,0.084911212,19462456.76,11083399591,554169979.5,23540.81518,17326.7358,0.683870686,0.803395603,408.6596404,478.6104381,72.52305558,57.04557058
오시리스시스템즈,0.000408445,0.576246035,140156,6284553982,369679646,19227.05505,13696.79587,0.488530433,0.802655562,341.3785052,1410.830593,12.57587366,10.29208338
디코드,0.002440477,0.281275849,63864,1142860750,54421940.47,7377.122778,5228.81507,0.487106874,0.800816867,380.0578369,115.2544493,16.73200254,12.09019036
리테일앤인사이트,1.59558E-05,1.09925328,176509,5692467369,474372280.7,21780.08909,16236.20348,1.51466859,0.800648233,245.7300357,68893.5482,10.13429417,8.936263833
패스트파이브,0.016039873,0.098658512,230913.4223,7647140931,364149568.1,19082.70338,15669.71421,0.344648913,0.799064814,419.9745801,6.150828721,15.83794589,4.356024062
비디오몬스터,0.02306882,0.410803723,99086,2124063674,177005306.2,13304.33411,11129.49203,1.787594278,0.796256196,233.9002832,17.80774794,6.637049729,3.601693102
파이브락스,1.38642E-07,0.877132432,34369062,4.57279E+14,2.17752E+13,4666391.414,2644093.504,1.953342435,0.795923147,650.9476578,6326584.816,17.85393868,16.35250327
메가스터디교육,0.059665587,0.114503218,7729544,2.37163E+13,1.12935E+12,1062707.82,839903.2943,0.826932635,0.795503085,588.8058918,1.919083062,3.742619123,-3.81876879
글로벌네트웍스,0.013663276,0.210244758,278371.9598,22623536827,1077311277,32822.42035,27053.08471,0.300600328,0.795110959,442.7524185,15.38758004,12.20840826,6.326717135
크리에이터링크,0.009128388,0.092036795,4102589.116,1.06918E+12,50913290803,225639.7368,181580.8085,0.2978751,0.792862524,523.7211867,10.08248039,22.84184368,9.823947066
페이레터,0.000987975,0.33576014,9287787.395,2.23074E+13,1.06226E+12,1030659.089,792052.6745,0.651289544,0.792705099,587.51978,339.8466997,17.30817297,13.39736297
딥아이,3.38833E-05,0.130737235,97923575.87,35478794726,1773939736,42118.16397,30947.81015,0.416055626,0.791695668,431.929375,3858.455549,63.14867037,53.07796125
코데즈컴바인,3.0065E-08,1.462760069,46794,444178900.6,31727064.33,5632.678255,4923.474187,0.998462527,0.789865876,247.8175289,48653275.77,12.10056913,11.20024521
콜리,1.09382E-05,0.335577024,33607915.76,1632125317,125548101.3,11204.82491,8534.158153,3.201094963,0.786044163,248.4265938,30679.32783,30.78580139,26.86147142
짐싸,0.014754508,0.165745278,217490.732,13259380961,662969048.1,25748.18534,17510.19696,0.530055233,0.7838764,412.2447772,11.23353495,13.40114331,6.104969018
이십사점오,0.026306357,0.374692734,251359,13387346219,1115612185,33400.7812,27209.24928,4.228232099,0.783417773,255.9920296,14.24342912,6.62419378,3.340002056
워시스왓,0.006986938,0.133021561,332278.5607,9441189936,472059496.8,21726.93022,15591.48276,0.687646921,0.782754023,405.4523118,19.03860644,21.04492837,11.63865728
매쓰홀릭,0.034692208,0.124486192,264238,24458720771,1164700989,34127.71585,26350.81775,0.400622899,0.782194773,444.3903348,3.588304102,8.026715263,-0.246755847
의식주컴퍼니,0.001567191,0.05562565,8321835.607,11263638345,938636528.7,30637.1756,22309.45631,0.31551244,0.782121586,253.9192665,35.49385457,62.40920205,39.38258065
트리플콤마,0.039548742,0.24804268,165318,7409624458,463101528.6,21519.79388,13358.43139,0.583225283,0.782115316,325.25531,6.271822267,6.384289687,1.805022715
아이알큐더스,0.015319886,0.206851723,153826,5191112117,305359536.3,17474.53966,12265.08288,0.287694713,0.778910259,338.1290076,13.50217147,11.71549569,5.787835061
채널코퍼레이션,8.12975E-06,0.634474628,1344782,6.87707E+11,32747970894,180964.0044,113174.781,0.797483712,0.778759191,514.4542436,78043.5659,17.75465503,15.67901487
윙잇,1.39916E-06,0.29365312,163630452.6,35629697766,1696652275,41190.43912,36591.86295,0.612615386,0.77497597,452.2903808,209878.29,41.73027236,37.24555372
지인플러스,0.000210524,0.101497406,20928718.61,29221867911,1537993048,39217.25447,29955.02509,1.026778017,0.764460953,407.9211396,482.1190384,60.74443852,47.79600954
달콤소프트,7.91956E-07,0.357721587,64661654.62,19370188527,922389929.9,30370.87305,22491.00137,1.926322957,0.759668373,439.4920508,451693.4832,36.39906217,32.71755389
트레드링스,0.000716593,0.281286343,400069.0981,18514989264,881666155.4,29692.86371,16155.88801,0.479520014,0.757450886,438.5438047,392.5330673,21.17928586,16.50927101
모노리스,0.00074191,0.060726654,5178081.442,2279675528,162833966.3,12760.6413,9144.607795,2.283763175,0.756594064,270.7153828,81.85182633,71.6611931,50.23629203
엔코드,0.005752648,0.279663713,63864,1182497763,65694320.18,8105.203278,6217.215159,0.475456787,0.75446344,330.0094145,48.61477852,13.60793597,8.993771981
투게더앱스,6.06433E-06,0.222992687,47181213.91,6598184010,314199238.6,17725.6661,13100.11541,0.478981275,0.753794477,416.8762951,36771.2219,47.14138862,41.23571476
설로인,6.77761E-05,0.697202513,106020,3709938056,231871128.5,15227.31521,9280.47197,0.936052476,0.753429222,314.1870767,10286.85201,13.24969957,11.36096587
바램시스템,0.01042007,0.217618483,74573,1970095424,98504771.19,9924.956987,7906.896029,4.932791784,0.752902599,374.1123109,20.88455011,13.32673628,7.551581682
알리콘,0.013929673,0.108861419,2652680.056,1.18345E+12,56354984496,237392.0481,179003.3593,0.297826652,0.752678972,525.8536671,7.81507359,16.74432855,6.01913766
더코퍼레이션,0.000280437,0.823388744,5501136,1.10815E+13,8.52427E+11,923269.6695,632737,1.295913993,0.752111372,363.1275926,2936.095106,9.69422672,8.095334923
아이지넷,0.004916355,0.242189168,138424,7433045947,353954568.9,18813.68037,14846.05571,0.950418726,0.749825882,419.3782617,49.26193276,15.77120401,10.44166756
해빛,0.107173714,0.035851344,744234.6087,1.52878E+11,7279908759,85322.38135,62889.63587,0.178423645,0.744336669,482.8760675,0.334516209,-7.656490113,-16.86437238
에이에프아이,0.000482218,0.584270727,80857,1973766692,131584446.1,11471.02638,7702.120322,1.592695524,0.743584484,286.4273907,1211.63293,12.14140831,9.889247104
써머스플랫폼,0.006584514,0.176852437,20046804.83,7.83909E+13,3.7329E+12,1932071.946,1559849.48,0.420750641,0.743524243,613.9123484,26.85884508,17.9385624,10.75921336
코멘토,0.000734383,0.043685738,9686303.192,30933277726,1473013225,38379.85442,27744.09504,0.364557507,0.743280132,449.322095,59.48629455,91.979621,62.33184311
스튜디오씨드코리아,0.046575215,0.06242315,448901,68759224594,3274248790,57221.05198,42964.52401,0.230391944,0.742625174,466.0964404,1.340265426,2.686899703,-9.395464107
뮤팟,0.03573309,0.273993331,72192,1367420557,105186196.7,10256.03221,8382.613131,0.65178836,0.741191963,246.1261543,7.667776094,6.576857795,2.324854063
케이뱅크,0.002880412,0.118161179,45746284.19,5.04826E+13,2.40393E+12,1550461.565,1023738.371,2.405921861,0.736133329,604.6706556,41.02231253,30.68462745,19.80441771
자비스앤빌런즈,0.00076238,0.349448723,2035918,1.50197E+12,71522210172,267436.3666,170282.6946,0.483250638,0.735643331,530.8587513,458.3657607,17.49706798,13.73659926
비바이노베이션,7.75835E-09,1.014265193,6651442.454,8067050746,537803383.1,23190.58824,18214.85924,0.903640519,0.724249914,307.5450539,130732082.1,18.4258127,17.12737725
로보코리아,0.000403914,0.163889646,25536686.08,27393504677,2490318607,49903.09216,41054.72647,1.45775744,0.721905818,243.9924414,405.7536264,36.55496983,28.5390872
시옷,0.000125621,0.486281449,706443,2.17387E+11,10351775115,101743.6736,72243.74575,0.560214005,0.720322246,490.2689009,3871.02236,16.98428013,14.27675802
풋셀,0.008497822,0.128608457,1418947.479,3.01442E+11,14354382804,119809.7776,94159.58495,0.393845963,0.716718748,497.1337442,15.13428518,19.81647192,10.21109196
더브이플래닛,2.83663E-05,0.300974327,2436243.987,41907739.84,3223672.295,1795.458798,1198.332191,0.784629761,0.716453911,200.8184125,10610.26785,30.79566293,26.42042667
스마일벤처스,0.019923485,0.378961609,214302,17974004475,1283857463,35830.95676,26714.32919,0.456866735,0.707620777,299.6238904,19.02084962,7.384421668,4.082824494
포잉,0.078550085,0.00410557,180281,10667175461,507960736.2,22537.9843,17442.62484,0.210268857,0.705743436,426.9642089,0.05226691,-35.70707632,-51.64014087
지바카케어,1.49018E-05,0.257625348,29632651.1,2236245147,149083009.8,12209.95535,9148.082631,0.507611712,0.705636796,288.3002073,17288.14764,37.87364917,32.76203366
스마트동스쿨,9.58659E-05,0.117161375,5791564.881,1275694530,60747358.57,7794.059184,6188.755423,0.652281922,0.704310381,382.3669173,1222.138768,60.62190817,49.39055148
스톤아이,0.000830851,0.032210602,6079768.933,10238544869,538870782.6,23213.59047,17560.29211,0.43540511,0.703131155,387.9947409,38.76822348,110.6973399,70.83959194
펫피플,0.002733005,0.411330237,56483,1625997542,95646914.24,9779.92404,6618.48215,0.474618432,0.69915277,318.3949579,150.50473,12.10924807,8.928676203
리뷰쉐어,0.001372655,0.630254491,84261,2445774455,188136496.5,13716.28581,10983.24875,0.985891714,0.69547268,253.6848179,459.1499486,9.704106109,7.619081888
고운세상코스메틱,0.005937262,0.243374653,156766,11199019241,559950962.1,23663.28299,16640.85994,0.890871491,0.684293013,408.8671954,40.9910554,14.89441,9.612039538
유니테이크홀딩스,0.056065477,0.005839582,194208,13443943100,640187766.6,25301.93207,18464.61115,0.26819529,0.681095532,431.8227136,0.10415647,-36.53757889,-57.81141188
티켓플레이스,0.025400404,0.127008771,549206.9035,24970531379,2080877615,45616.63748,36961.90472,0.667431933,0.678790547,263.4726669,5.000265872,10.56032937,1.919393558
미스터멘션,0.00284858,0.311719966,105186,3918160922,217675606.8,14753.83363,10214.46582,0.521642828,0.672558994,351.5732965,109.4299634,14.92611007,10.73955705
하이앤디,0.000321548,1.005439935,51557.91016,801547271.4,72867933.77,8536.271655,6576.48465,0.51862886,0.669780148,205.1457516,3126.875153,8.001687847,6.692274115
널리소프트,0.004783837,0.38988759,155089,9754098846,650273256.4,25500.456,16627.92667,0.709873038,0.66879673,310.3935484,81.50102143,11.15007385,7.813227529
브레인콜라,0.000295723,0.051594221,7757824.608,3857446280,183687918.1,13553.15159,9320.31619,0.338174649,0.666013978,405.6037243,174.4681594,99.47480847,74.09497972
고피자,6.42698E-05,0.678643864,32300,413244078.6,25827754.91,5082.101427,3429.870481,1.111667012,0.664487772,279.0713639,10559.29074,13.65058253,11.71019338
다노,0.023268794,0.148887137,850213,4.30163E+11,20483948454,143122.1452,108452.3221,0.365057772,0.664027503,504.6010557,6.3985757,10.78136206,3.131565203
머지홀딩스,0.006354298,0.272547005,1772099,1.41401E+12,78555929253,280278.3068,176190.7989,6.525474589,0.65956447,457.5673803,42.89175718,13.47673755,8.75478795
캐플릭스,0.000126821,0.092388275,8097222.007,2374877983,113089427.8,10634.35131,8923.902858,0.520725447,0.65923558,395.4174787,728.4948194,71.24221664,57.00715714
미니맵,0.000320923,0.375695412,1090475,4.29723E+11,20463018242,143049.0064,76967.49358,0.525057615,0.658039216,504.5795872,1170.67192,18.78996334,15.28756791
청담러닝,0.002712742,0.196872025,661717.8223,73372305978,3493919332,59109.38447,36413.88202,0.423037082,0.657512164,467.4600892,72.57306888,21.46753963,14.8690506
엘리스,0.000205956,0.139677331,6009474.502,15159193479,721866356.1,26867.57072,19826.02403,0.498369283,0.656058955,434.3443621,678.19011,46.60619431,37.19150349
아드리엘,0.009648563,0.302241219,73977,2361622768,157441517.9,12547.5702,9766.230449,2.389596678,0.655577618,289.1184695,31.32499918,11.04369772,6.821187164
코인플러그,5.6537E-05,0.494166796,291199,37602536304,1790596967,42315.44596,31262.68548,3.590207398,0.652247105,453.4221129,8740.587447,18.36362646,15.69892447
아트맵,0.003778698,0.013391215,413492.0433,293484618.1,20963187.01,4578.557307,3753.102885,2.541262092,0.651601661,242.0158984,3.543869863,73.68815766,-3.013328201
코드스쿼드,2.45944E-06,0.387972459,2480326.392,225531471.3,11870077.44,3445.297873,2824.065679,4.394052797,0.651381189,315.5010945,157748.2167,30.84930209,27.45486129
루닛,0.000734339,0.030805073,1999445.058,1301338207,61968486.05,7872.006482,6221.279482,0.46362244,0.650734247,382.784867,41.94936547,118.4696558,76.71371285
닷,9.17179E-07,0.738885215,123898,6447917792,307043704.4,17522.66259,14204.57088,0.903413221,0.650446327,416.3925138,805606.1373,18.40520434,16.62284865
갓잇코리아,0.008936397,0.260281472,444789.7503,39376689505,2625112634,51235.85301,44648.82257,0.456637931,0.648049299,331.3258446,29.12599818,12.52380165,7.632009344
움클래스,0.000355516,0.113343289,604649.6101,24576867.36,1755490.526,1324.949254,1137.254902,0.824010662,0.647898718,207.2956243,318.813701,50.70068168,39.11781679
트릿지,0.018932613,0.355255811,465161,1.31114E+11,6243502848,79015.83922,61271.44553,0.901820406,0.643900401,479.6509515,18.76422539,7.835496686,4.315992035
이제이엔,0.000283037,0.072601316,565676090.1,4.65471E+13,2.21653E+12,1488801.443,1143022.334,0.389219347,0.637561647,602.9662421,256.5083297,76.10908138,58.03993696
텀블벅,0.000462586,0.034384706,259027466.6,8.89163E+12,4.23411E+11,650700.3727,491522.3556,0.369447833,0.63653068,568.2037914,74.33154261,123.6404661,85.84820645
에스티유니타스,0.086297078,0.22004238,2896712,3.61203E+12,1.72002E+11,414730.6898,324072.7738,0.170055811,0.631027871,549.2861552,2.549824235,3.055513768,-1.243501151
하이어엑스,0.011960944,0.420404676,24626,279860618.3,21527739.87,4639.799551,3641.865531,1.446246795,0.629997969,225.5030875,35.14811778,8.232780095,5.186844349
파운트,0.001309231,0.389820021,627156,2.84723E+11,14985444779,122415.0513,83165.84857,8.517558132,0.62900144,451.1765592,297.7473948,14.56358848,11.19652275
모두컴퍼니,0.01797361,0.333475037,729372,3.00962E+11,14331542742,119714.4216,89634.35926,0.295686681,0.628243845,497.1003034,18.55359299,8.310356269,4.563129156
퍼플코퍼레이션,0.001377027,0.598522773,72808344,2.60299E+15,1.73533E+14,13173182.83,10564085.18,0.632180312,0.628064159,497.8108115,434.6485883,10.12592079,7.930624352
박스트리,0.006326426,0.297598006,70551,1793543315,112096457.2,10587.56144,6510.449284,0.791574342,0.621881881,302.5579245,47.04046621,12.67093995,8.337764453
케이티스튜디오지니,0.01501252,0.283830724,240559,22175184634,1478345642,38449.26062,34184.42363,0.500549985,0.62121639,322.7128424,18.90626794,9.836238777,5.429386945
스마트잭,0.020144331,0.171833143,17034.42537,61861842.69,4418703.049,2102.071133,1671.478826,0.677333419,0.619530825,220.218995,8.530099273,11.16589859,4.305938024
인스팅터스,0.001601272,0.299838134,676394,2.78084E+11,13242116646,115074.3961,66757.14625,0.461964976,0.612722295,495.4400331,187.2500121,17.35819731,12.98929971
아이앤나,0.023893792,0.13009109,44102,987927964.2,49396398.21,7028.257125,5428.3264,2.085343297,0.611729262,360.3077614,5.444556065,11.00508178,2.45256755
그랑핸드,0.000170834,0.15288566,711697.0524,252411578.7,12019598.99,3466.929331,2826.215496,0.875018525,0.61147152,348.3430316,894.9367706,44.40682571,35.80243488
트립비토즈,0.006293306,0.121493404,188904.0962,4436312284,221815614.2,14893.47556,9021.573887,0.360019309,0.609412068,390.3471406,19.3051804,23.16652084,12.86061422
비브로스,0.031068992,0.091136683,2573235,3.11428E+12,1.48299E+11,385096.1384,290397.3525,0.340965124,0.608373114,546.1724283,2.933364639,8.806056721,-1.970512349
인크루트,0.001183377,0.012476334,223753303.2,2.97589E+13,1.41709E+12,1190415.77,954051.3358,0.359808089,0.606317351,593.572154,10.54299589,172.4386275,76.02678259
아이지롯,6.5094E-05,0.111929764,50732704.83,26563234949,1475735275,38415.30001,27290.69738,4.378495003,0.605369418,386.0235995,1719.510703,66.51908107,54.75998858
스픽이지랩스코리아,0.000351561,0.084044522,162624840.4,5.83783E+11,48648583813,220564.2397,179458.2393,0.299824344,0.60126432,301.2946624,239.0608978,64.8930387,49.28854807
네이버,0.000371157,0.041835668,49299267340,2.53602E+17,1.20763E+16,109892171.5,97115761.86,0.416355578,0.599767684,783.6304277,112.7169789,111.9458791,80.74339198
티오리한국,0.001468941,0.237293466,56881.47134,695780481.3,33132403.87,5756.075388,3966.349073,1.382732969,0.589528268,369.6364689,161.5405469,21.29630143,15.78053403
엔라이즈,0.019885277,0.37100492,403991,1.16341E+11,6463409283,80395.33123,62399.91666,0.494293033,0.579872503,412.6096098,18.65726678,7.486081081,4.11695618
비마이펫,0.002522157,0.36533955,120072,6961769314,435110582.1,20859.30445,12592.26451,2.383155749,0.579213803,324.2577723,144.8520341,13.52604166,9.946006356
쿠팡,0.000379948,0.034659629,8360213912,5.64441E+15,2.68782E+14,16394562.1,14428487.91,0.408647359,0.577369362,703.7233309,91.22210715,128.8057013,91.22083256
센스톤,0.001906665,0.022149861,5505023.628,8186659115,744241737.7,27280.7943,22489.92403,1.556076831,0.576645305,230.706641,11.61707238,101.9463838,47.20207331
트레바리,5.04073E-06,0.210836969,55956781.4,7953741116,378749576.9,19461.48959,17009.68475,0.731369671,0.57067743,420.8001018,41826.67722,50.47044308,44.22425949
베스핀글로벌,4.26153E-06,0.21383151,71965839.26,11138974063,530427336.3,23031.00815,18637.65903,0.67833043,0.569207651,427.8730642,50177.20647,50.61508679,44.45635158
도그메이트,0.011095031,0.12117541,135296.1056,7286015673,346953127.3,18626.67784,11517.85114,0.600844584,0.568946747,418.9587052,10.9215924,18.0746488,8.118094048
피유엠피,0.017871178,0.827659619,1216162,5.89255E+11,49104617424,221595.6169,146685.203,0.266478908,0.565272914,301.4066269,46.31253955,4.536100603,2.978548942
안다르,0.050234684,0.001902229,1762925,1.33434E+12,63540104945,252071.6266,176106.6066,0.248006055,0.562847706,528.3736795,0.037866843,-62.79005054,-88.0496569
더스킨팩토리,9.30527E-05,0.153095536,7760272.838,3705831030,205879501.6,14348.50172,10352.71226,0.729080186,0.561521356,350.570429,1645.256191,48.34336201,39.74639073
메이저맵,4.65177E-05,0.188549121,8689899.832,714086544.3,47605769.62,6899.693444,5368.800397,1.090614322,0.559368404,271.1769678,4053.280358,44.04811188,37.06514077
아이브코리아,0.066648375,0.122896963,109877,4748476907,395706408.9,19892.37062,16818.50681,3.602020181,0.55860147,243.5541972,1.843960369,3.228333857,-3.719649715
카바조,0.000179235,0.105914848,2149442.137,906400424.7,43161924.98,6569.773587,5395.660973,1.55167099,0.553623196,375.1898553,590.9258069,60.15123796,47.73812451
이브로드캐스팅,0.053112248,0.432815834,515773,1.07265E+11,8251127506,90835.71713,76286.02684,0.309512981,0.553589612,302.837004,8.149077617,4.317315305,1.60712434
지지틱스,0.008597159,0.258548039,2993370.927,3.8145E+12,2.24382E+11,473690.2198,397533.5524,0.514743357,0.550101244,450.3225006,30.07365933,12.74082299,7.811077273
어반베이스,0.003265316,0.24552891,56790,1728210052,82295716.75,9071.69867,6885.470623,0.849908938,0.549416779,388.742422,75.19301187,17.36398141,12.07061941
한율씨엔에스,0.002238476,0.299150189,45731,1525550988,72645285.16,8523.220351,7257.606411,1.314393704,0.546090066,386.12308,133.640112,16.24198591,11.87235278
코리아센터,0.016415424,0.088729693,2106798.29,1.56505E+12,74526242256,272994.9491,200529.3655,0.431486441,0.545264605,531.7227601,5.405263575,16.04804162,3.522896054
111퍼센트,0.00642474,0.230234072,1254304,1.38173E+12,65796683888,256508.6429,175471.8171,5.531092258,0.545262252,529.1065408,35.83554779,15.12278514,9.557989604
라이트브라더스,0.001486101,0.523904833,152738,14212886809,1015206201,31862.30062,22679.47435,2.114838271,0.542315854,296.3370062,352.5365263,11.16340969,8.656784976
허닭,0.00057021,0.351482909,378564,74647224380,3554629732,59620.71563,38221.39889,0.580924941,0.538572968,467.8218516,616.4091844,18.24699358,14.50620043
에이에스엔,0.005071211,0.151611501,336539.6929,26282517290,1251548442,35377.23056,26342.42298,0.640532381,0.537299154,445.9005949,29.89650835,21.68549198,13.28023859
부트페이,0.002529606,0.304475436,8310,44437520.01,2338816.842,1529.319078,1168.737624,1.678971382,0.534362865,284.637959,120.364763,15.60406564,11.31437095
제넥신,0.000122923,0.125191396,1873121.458,216753918.3,12041884.35,3470.141834,2539.422203,1.339244878,0.531429381,299.4702269,1018.454456,55.26935463,44.76011745
코그넥스코리아,0.001093764,0.004124099,36144456.81,5.7983E+11,27610932352,166165.3765,147722.033,0.370673968,0.52653517,510.8710302,3.770556516,254.361322,1.96722489
코핀커뮤니케이션즈,3.25166E-05,0.216678535,3314563.306,90610141.11,6040676.074,2457.778687,1892.801134,0.773784238,0.523874526,240.2103974,6663.623979,40.62745622,34.5504339
로앤컴퍼니,0.006916275,0.187684212,3733421,8.7982E+12,4.18962E+11,647272.6922,450499.3542,0.566373034,0.523398151,567.9819642,27.13660534,16.96236026,10.19486488
스티비,0.001608051,0.26699706,1547096,1.4105E+12,67166576314,259165.1526,143816.2137,0.494912112,0.518652125,529.5392733,166.0376664,19.03245489,14.12950316
마이플레이컴퍼니,0.002995929,0.21452852,201501.843,3564755750,222797234.4,14926.39388,10531.1836,1.084772499,0.516990632,313.5483624,71.60668049,19.63544047,13.5811422
비모뉴먼트,0.010973384,0.213959837,17186,185228266.4,10290459.25,3207.874568,2528.586471,1.042355474,0.516917438,296.6410993,19.49807275,13.20532207,7.350438158
하비풀,0.002491266,0.04277317,550524.1862,2100672029,105033601.5,10248.59022,7771.223213,0.49144608,0.508825601,375.3958174,17.1692483,62.81133991,33.71658021
이벤터스,0.007661153,0.423504403,157116,22822904379,1201205494,34658.41159,23720.11343,0.387430147,0.506756106,403.2252379,55.27946289,9.305941567,6.251528058
비알스톰,0.02530717,0.37055065,24472,410869988.4,29347856.32,5417.366179,3887.911918,0.845407484,0.506137922,246.7262209,14.64212107,6.779965537,3.453119813
튜터링,0.013937279,0.334395687,882336,8.6551E+11,41214770928,203014.2136,140833.3973,0.512716921,0.505946253,519.2833135,23.99289692,9.12275936,5.342014998
코드잇,0.004548342,0.40958907,186783,33104030302,1576382395,39703.68239,29602.7311,0.442588502,0.50278114,450.7463671,90.05239494,10.86690441,7.686902169
일리오,0.02049832,0.369924832,311277,45281057007,3234361215,56871.44463,44420.78067,0.407233839,0.501635917,312.559362,18.04659247,7.409798496,4.036643266
푸드테크,0.000535891,0.067792884,1103893.722,74540462.49,6211705.207,2492.329273,2081.376373,0.475008355,0.498415909,193.7033521,126.5050975,70.83813026,51.56428973
블루엠텍,0.001581552,0.325335313,30173,523156956.2,27534576.64,5247.339959,4129.081732,4.15382472,0.496973491,331.488109,205.7063079,16.29297848,12.26456015
스팬딧,9.52733E-05,0.196470847,2598632.37,240392802.4,17170914.45,4143.780213,3183.0123,1.337762249,0.494667416,239.2221849,2062.181893,38.82418738,32.12436598
문리버,0.140235768,0.141295487,151689,11259281870,938273489.2,30631.25021,26828.76074,0.743823656,0.49098157,253.9146244,1.007556694,0.026740496,-4.651098559
펫닥,0.004857424,0.124350778,245574.024,8941131773,425768179.7,20634.15081,16170.21779,0.613279809,0.490531235,423.2575171,25.6001511,25.09591653,14.90339101
데이원컴퍼니,0.000311694,0.037041898,70457744.27,4.17591E+11,19885275525,141015.1606,125146.384,0.514420262,0.488629915,503.9781528,118.840448,127.9068897,92.65036379
프라미솝,0.016046472,0.331081978,21988,291380510,22413885.39,4734.330511,3561.467403,0.977437912,0.488007828,226.0274857,20.63269561,8.719760604,4.925897275
윌림,0.025686812,0.40100304,828393,4.75491E+11,22642446851,150474.0737,124522.5952,0.294497276,0.480626955,506.7049354,15.6112419,6.440254619,3.353802267
작당모의,6.06602E-05,0.2223702,290247514.2,2.54447E+11,23131580843,152090.6994,133583.7512,0.508320304,0.461830149,268.5091112,3665.833773,36.89600931,30.9752576
니더,0.000128144,0.067236035,49935425.03,1.25068E+11,5955639425,77172.7894,60323.92884,0.850823001,0.457912252,478.6596926,524.6918523,92.96945774,73.41963278
유비스랩,0.001237018,0.033593003,616574.9909,162077234.1,11576945.29,3402.491042,2572.10404,0.540654436,0.455939339,233.7033669,27.15643187,94.79218883,56.98118952
스타일쉐어,0.07955513,0.325119905,5102342,1.28983E+13,6.14207E+11,783713.4583,626200.171,0.196633645,0.454873584,576.0155473,4.086724555,3.478701878,0.224342749
톤28,0.001871184,0.143554192,147634.4225,1038412985,51920649.24,7205.598465,5159.90541,0.708977059,0.453938864,361.3045427,76.71839256,29.84445768,20.78855606
트위니,0.000118891,0.115017405,2717170.491,467372469.7,25965137.2,5095.599789,3419.42927,0.914730211,0.447419669,313.3007758,967.4211303,59.70865978,48.27040835
나이비,0.026814104,0.406717707,103249,7324136288,523152592,22872.5292,15334.34808,0.935801048,0.440090058,287.0553724,15.16805138,6.272184099,3.234441856
지티에스글로벌,0.000708983,0.61806178,224292,42283788551,3020270611,54956.98873,37271.81364,4.291546822,0.440084834,311.6005718,871.7582546,10.94187469,8.813529311
투미유,0.018321045,0.11566196,123880,9838403855,517810729.2,22755.45493,14600.1254,0.861487229,0.433182776,387.2372866,6.313065608,13.75265016,3.923359503
파킹클라우드,0.020930452,0.369612725,241981,47111763311,2243417301,47364.72633,34563.79032,0.313115137,0.42412644,458.1565885,17.65908938,7.351941594,3.979823033
마이셰프,0.000625337,0.019966919,1967097.768,923692326.1,48615385.58,6972.473419,5276.030538,0.416648638,0.416941021,342.2895617,31.92985331,168.1963088,104.2422714
트리플래닛,0.000616151,0.328275994,88933,5500217964,261915141.1,16183.79254,12170.40811,1.131070497,0.403687169,413.0541535,532.7850687,19.08868358,15.08445935
두나무,0.000111214,0.067498663,711091716.7,1.4463E+13,6.88714E+11,829887.6479,603952.7419,0.472851249,0.402677981,578.4199155,606.9245279,94.78503323,75.3062536
위밋플레이스,0.068866164,0.284432778,98669,7571967232,504797815.5,22467.70606,19570.2743,0.980235953,0.401399863,306.5950281,4.130225361,4.014537846,0.286935689
콩테크,0.000164374,0.080653383,1546803.969,74728420.48,4670526.28,2161.140042,1709.096939,0.442331574,0.400952412,251.7085171,490.6713353,76.66353043,60.36812759
마켓보로,0.014594172,0.087053846,83682.35369,1592162095,93656593.84,9677.63369,7910.749413,1.008774817,0.400182258,318.0374717,5.964973213,17.56949716,4.613436413
뷰노,0.005728598,0.201029353,25248,493304648.5,24665232.42,4966.410416,3497.614418,1.09108583,0.39547444,346.4181043,35.09224461,17.2084321,10.83886859
알려줌,0.000493192,0.051500221,1456684.893,687726565.6,34386328.28,5863.985699,4912.453179,0.668685716,0.395353731,353.0633922,104.4222687,89.40445926,64.07513721
이원다이애그노믹스,9.48374E-05,0.098726293,1882050.857,198434433.7,9921721.686,3149.876456,2395.67141,0.964781275,0.391410467,328.2047404,1041.006336,70.30827459,56.98159137
마켓디자이너스,0.049527037,0.308471537,468861,1.81125E+11,8625001121,92870.88414,69645.70212,0.266365951,0.391397027,486.4365495,6.228346311,5.109268562,1.430600563
오션스,0.037008142,0.108758876,2654164,3.38021E+12,2.60016E+11,509917.5896,339123.1486,2.12693698,0.379247782,347.6921145,2.938782428,7.395331068,-1.639345752
원스토어,0.002944173,0.290020235,85660,4791105020,281829707.1,16787.78446,9591.589072,4.026923046,0.378486009,336.7658307,98.50651916,15.66785114,11.17256823
씽즈,0.123916603,0.703848244,126382,8848422539,632030181.4,25140.21045,20681.13325,0.409401513,0.377940694,289.7022679,5.680015634,2.098366451,0.50738575
페이플,0.0165562,0.184041017,170212,13934431501,995316535.8,31548.63762,21140.19441,0.886089579,0.375920772,296.0599992,11.1161386,12.00613855,5.440953265
셀버스,0.063712269,0.249845676,49932,1559539442,91737614.26,9577.975478,6785.989876,0.254675923,0.374331799,317.6855317,3.921468829,4.357938652,0.157892309
담화컴퍼니,0.005818544,0.346415328,124287,7370751202,566980861.7,23811.35993,14747.28326,0.646934745,0.373203645,268.0258694,59.53643262,11.60191785,7.863044323
뉴닉,0.032408922,0.401389816,117468,9570417766,683601269,26145.76962,22692.29302,0.536152708,0.370978634,290.8003951,12.38516394,5.801075653,2.765202608
팟빵,0.286936777,0.040916794,7098860,1.70266E+13,8.10791E+11,900439.5198,825562.435,0.163974266,0.365617776,581.8468077,0.142598639,-5.940826918,-9.957735733
삼분의일,0.015451759,0.186696063,123093,8267376982,551158465.5,23476.76437,15958.40052,0.825894545,0.362423031,307.9129938,12.08251215,12.32642089,5.811594822
핑거스토리,0.000161714,0.087878367,222661999.1,9.55303E+12,4.54906E+11,674467.5069,515929.8408,2.42009961,0.359306902,569.7105088,543.4189473,71.53424353,56.57562595
나이스페이먼츠,0.004661485,0.182373288,1024084,7.61568E+11,36265136100,190434.0728,124854.282,0.702889028,0.358177969,516.5965763,39.12342996,19.60449095,12.56324469
마이페어,0.000186905,0.154463089,990532.2007,114353556.5,7623570.432,2761.081388,2019.714977,0.598998715,0.355766857,243.7013307,826.4277572,43.43428893,34.91855695
퓨처플레이,0.003460634,0.22709371,34660,767371057,40387950.37,6355.151483,4343.436223,5.009796308,0.355312582,338.7667988,65.62200479,18.14717959,12.43504302
업라이즈,0.004967309,0.244761349,177663,22497759014,1323397589,36378.53198,22941.84098,0.688141544,0.353587842,363.0589594,49.27443809,15.60656065,10.33300532
플리팝,0.017253749,0.342029211,70945,4411075738,294071715.8,17148.51935,13159.03044,1.125502792,0.349969069,298.4900134,19.82347249,8.313410452,4.647893175
코인원,0.001185691,0.303445812,8928038,7.52507E+13,3.58337E+12,1892978.25,1139778.701,0.861075593,0.344711348,613.0538015,255.9232692,18.20191816,13.87880027
오니온파이브,0.002566634,0.317064478,1038140,7.77E+11,48562506374,220369.0232,143632.0741,3.13973877,0.341386507,399.6978815,123.5331895,15.06896443,10.94872129
카테노이드,0.015621705,0.328586619,2839597,8.57026E+12,4.08108E+11,638832.9419,461629.7642,0.339748832,0.340995029,567.430727,21.03397907,8.849696434,5.023647488
서울번드,0.001596369,0.004101429,458698.7853,445690515.7,22284525.78,4720.648873,3807.58239,1.698923043,0.339155595,344.3880617,2.56922361,165.6085051,-65.52604395
모토벨로,0.003882317,0.21504486,70949,3023572615,159135400.8,12614.88806,7614.456259,0.818292613,0.338419117,364.8200535,55.39085457,18.33675722,12.32125054
쇼퍼블,6.83542E-05,0.096608259,12037999.44,5066858387,241278970.8,15533.15714,12378.01493,0.764328733,0.336433408,411.3307519,1413.348253,75.03072981,61.40842904
마이셀럽스,0.000960924,0.305199662,5276393,2.62951E+13,1.25215E+12,1118994.911,769086.5981,1.250216553,0.335285935,590.9735405,317.6106362,18.81635485,14.51482827
이지어드민,0.000494711,0.055914853,3519102.074,12287291784,585109132.5,24189.02918,17096.11734,0.891001397,0.328572923,429.9334877,113.0253458,83.8086981,60.46233959
스페이스워크,0.025320185,0.081776808,42747,859541355.1,53721334.69,7329.483931,4558.104497,0.52984657,0.326630227,290.7891324,3.229708144,10.94700924,-1.349861627
플라잉,0.05139655,0.457355831,99320,8251108438,687592369.8,26221.98257,20963.77202,1.645565378,0.317047535,250.1844808,8.898570563,4.296570854,1.707967939
달콤한고래들,0.00289472,0.539324014,99188,5062622098,421885174.8,20539.84359,14539.46206,0.769921792,0.314126592,244.3229248,186.3129985,9.640810457,7.211979042
에이비제트,0.001061983,0.523451661,1707444,1.57043E+12,1.20802E+11,347566.1434,185460.1645,1.206307767,0.31007399,337.7264669,492.9000017,11.8210582,9.310240964
탤런트뱅크,0.004160218,0.050133448,138422.1723,414143960.9,24361409.47,4935.727856,3868.752946,1.432805139,0.303807494,295.1446846,12.05067891,45.8455142,21.58931614
애드엑스,3.73277E-13,2.14366535,368372.9628,2363378194,181798322.6,13483.26083,10579.47721,1.441160138,0.301758967,253.2393107,5.74283E+12,13.7050181,13.09066946
디유닛,1.27533E-05,0.148053929,472240813.6,1.02549E+12,48832994937,220981.8883,187409.2168,0.752065327,0.29563017,522.845113,11609.04313,63.21165252,54.31729574
트래블월렛,0.000425178,0.122923702,6774486.631,5414993026,451249418.8,21242.63211,18720.92469,2.50258539,0.29511506,245.1303694,289.1114895,45.94133652,35.26464533
패션프루트,1.95736E-07,0.577565507,10734560.63,1440699239,90043702.42,9489.136021,7149.361429,37.45727385,0.294811659,299.0528911,2950732.136,25.79371283,23.51352568
한국금융솔루션,0.019161836,0.204811541,211152,20440822958,1703401913,41272.2899,24682.55871,2.260495942,0.294438389,261.0707186,10.68851326,10.57790736,4.697932195
컨슈머브릿지,0.026681222,0.393127552,76759,3956367224,329697268.7,18157.56781,10542.60494,0.989027873,0.292652733,241.3642251,14.73424093,6.408094027,3.271051695
리드앤톡에듀,0.004236513,0.330348317,36838,713036210.7,50931157.91,7136.60689,5137.760987,1.078835904,0.286210107,254.4437961,77.97646018,13.02033622,9.08424057
엘지씨엔에스,0.000295601,0.036529267,43668826.72,3.3287E+11,15850964733,125900.6145,96343.56667,0.555831878,0.281083242,499.2164202,123.5760721,130.8044574,95.04172549
지니웍스,0.001286249,0.275557758,436000,1.63031E+11,8151536618,90285.86056,55972.25625,2.755260719,0.280268374,462.4294458,214.2336815,19.38661218,14.6295726
오늘식탁,0.014755468,0.098791032,850558,4.18727E+11,23262635601,152520.935,90992.11403,1.056628744,0.2791192,435.6620572,6.69521495,16.74550148,5.147099976
화난사람들,0.017163713,0.142194583,74949,3774746612,251649774.2,15863.47295,11156.70687,1.038924581,0.271146108,296.1532334,8.284604804,13.26820753,5.004076162
더블유에스비팜,0.01637063,0.147269706,163386,15614032177,1040935478,32263.53171,22973.10648,0.984414723,0.269566379,317.4507847,8.995970852,13.42442123,5.376540536
로마켓,0.021095787,0.379811283,70650,5384111605,256386266.9,16012.06629,12677.6507,0.358794634,0.268173272,412.6061101,18.00412945,7.210152579,3.925207027
위펀,0.012985396,0.222660127,53554,1779537487,127109820.5,11274.29911,8197.780457,0.923789997,0.26505425,267.247868,17.14696468,12.05972909,6.471004639
캐치잇플레이,0.017701213,0.348506683,684086,5.81396E+11,27685542609,166389.7311,124038.9331,0.481336615,0.261912775,510.9276999,19.68829344,8.137520375,4.54131748
꿈비,0.013142825,2.0031E-05,61718.29834,524390121.7,27599480.09,5253.520733,3768.720417,0.810864495,0.260295298,331.5328424,0.001524104,-492.7767044,-592.8277831
바람인터내셔날,0.000159612,0.093628025,23301019.82,74555714761,3923984987,62641.71922,51335.61067,0.762885792,0.255982918,425.7170975,586.5988399,67.96568701,53.92377339
로플랫,1.58973E-11,1.694983755,47452.40545,439786276,29319085.06,5414.710063,3079.872084,0.969546686,0.254255077,263.9062384,1.06621E+11,14.98099436,14.2040206
엔라이튼,0.003283749,0.213198812,66878,3555043943,187107576,13678.72713,7908.085292,1.539694432,0.254241673,367.8966914,64.92542412,19.2774848,13.19404839
자버,0.014498464,0.132102717,30975,669059359.7,39356432.92,6273.470564,4409.993264,1.135184211,0.247403116,303.29889,9.111497212,15.07175474,6.088485389
샵팬픽,0.023107681,0.147760759,114317,7213944424,554918801.8,23556.71458,15409.89226,1.549145326,0.244384821,267.7463207,6.39444347,10.85881868,3.151380732
스푼라디오,0.048994657,0.336889831,2556231,5.78842E+12,2.75639E+11,525013.1774,453187.2976,0.367608855,0.24196282,559.1895029,6.876052411,4.996429673,1.583600354
맵스,0.001053884,0.306698677,144092,14435512785,801972932.5,28319.12662,15427.51637,3.062522375,0.240395171,375.0465375,291.0176117,18.43488735,14.15561216
바이오닉스,0.006822412,2.93244E-05,167101.0054,1730106440,86505322.01,9300.823728,6222.282703,1.601936085,0.231582938,371.5143299,0.004298245,-795.3528907,-987.5607944
러닝스푼즈,0.021259618,0.03576231,133737,10183731006,535985842.4,23151.36805,14086.72862,0.564456737,0.225252842,387.8927478,1.682170881,9.120792108,-13.97484749
마인즈랩,0.014163928,0.118683742,55454,1897224841,118576552.6,10889.28614,6672.557497,8.887983728,0.225011161,303.4571092,8.379295951,16.00151434,6.088221185
빛컨,0.005453285,0.260320431,33249,1138576851,71161053.2,8435.701109,5761.826076,2.423615868,0.222126161,295.2872995,47.73644573,14.54506198,9.589877105
틴고랜드,0.054860106,0.004756656,95089,4920220251,410018354.2,20248.90995,14824.97257,1.572618392,0.220081567,243.9805498,0.086705183,-41.0160085,-63.1064048
라엘코리아,0.023483534,0.129911372,83763,3873880116,297990778.1,17262.4094,10823.37598,2.436214696,0.216500267,259.6634503,5.532019761,11.15130248,2.565894146
위주,0.020761811,0.37292687,75269,5895059726,421075694.7,20520.12901,16173.82252,2.64338875,0.213735557,284.0165244,17.96215505,7.3364239,3.991247976
건강한친구들,0.002725461,0.202062531,134483,11987220787,630906357.2,25117.84937,12216.1133,5.860673188,0.211793351,390.9906921,74.1388535,21.0263292,14.59549366
바로고,0.000530128,0.043697181,1765504.064,3264550386,155454780.3,12468.15064,7808.392457,0.510664097,0.210915954,402.0991743,82.42761721,99.75557286,69.97854306
에멘탈,0.000596077,0.054069121,3134659.59,2690902751,168181421.9,12968.47801,9756.62192,1.087987649,0.203169168,309.0488616,90.70832292,82.45921167,58.36787111
뤼이드,0.019098212,0.354714566,1175308,1.70067E+12,80984299903,284577.4058,207944.8072,2.807812758,0.201469794,533.467944,18.5731824,7.815994813,4.292953402
하우빌드,0.007992716,0.141680615,43866.33023,1305331319,68701648.39,8288.645751,6341.951241,2.625154668,0.198238664,348.8603913,17.72621724,19.20879774,10.40991629
알파프라임,0.012947809,0.231899945,364647,79118306290,6593192191,81198.47407,47540.9332,1.247042486,0.182401841,277.3116416,17.910362,11.78438185,6.405701115
한패스,0.000787299,0.021476864,3520764.61,4638724317,272866136.3,16518.66024,12267.45485,0.455481539,0.179474381,336.2163621,27.27916613,148.4952851,89.34381899
헬프미,0.028913949,0.099202238,15514,189621501.1,11154205.95,3339.791303,2617.273222,0.626164925,0.178134876,281.8645624,3.430947355,9.622799766,-0.65660303
헬프미법률사무소,0.028913949,0.099202238,15514,189621501.1,11154205.95,3339.791303,2617.273222,0.626164925,0.178134876,281.8645624,3.430947355,9.622799766,-0.65660303
올룰로,0.051639487,0.53534069,1000670,7.55882E+11,53991576322,232360.8752,163975.8933,0.549473521,0.176245704,351.9693143,10.36688627,3.984149388,1.740533763
리치플래닛,0.014616798,0.040610506,1475822,1.49843E+12,71353626351,267120.9957,162945.8559,1.43564148,0.171475707,530.8091941,2.778344926,18.50272108,-5.343416683
비바웨이브,0.023195457,0.354335827,55561,1605270803,123482369.5,11112.26212,8902.251184,0.345471466,0.169426437,248.2109163,15.27608741,7.221358352,3.733017246
크로스앵글,0.008296911,0.308738406,1638762,1.78423E+12,1.48686E+11,385598.4175,233628.9076,1.849169472,0.167439314,314.7012417,37.21124519,11.40759658,7.253618071
지앤톡,0.000161008,0.062173673,7164872.241,5479665927,260936472.7,16153.52818,13007.39248,3.601809721,0.164206467,412.9755383,386.1525963,95.55246842,74.42525833
띵굴,0.002783426,0.323764781,323695,64476676682,4605476906,67863.66411,37359.38102,1.212794192,0.162376768,317.5071689,116.3187858,14.56548977,10.53252353
한국거래소시스템즈,7.52278E-05,0.093532367,5750586.066,1259195430,66273443.69,8140.850305,6503.550219,2.065845653,0.159165557,348.1766967,1243.321883,76.1214092,62.05248774
디에스글로벌농업회사법인,0.022322865,0.360231647,563316,2.07548E+11,17295678532,131513.0356,100313.9667,1.781135086,0.154758707,288.8846701,16.13733945,7.26990723,3.827370655
케이크,0.239957993,0.001851056,6083041,2.63346E+13,1.64592E+12,1282932.248,1158159.995,0.462235004,0.13788173,456.0690827,0.007714084,-20.11797134,-25.56424351
라카이코리아,0.005630491,0.24288109,1110330,1.12377E+12,74917741976,273711.0556,182024.2416,2.635833,0.134177468,381.5948486,43.13675161,15.14768575,9.848303366
이상한마케팅,0.02070158,0.348252563,22161,377891415.8,26992243.99,5195.406047,4343.490623,1.092915757,0.133835765,245.5548417,16.82251154,7.650592959,4.081157774
람다256,0.041458141,0.082096682,84843,6286374014,483567231.9,21990.16216,18471.75728,1.344517897,0.133162585,265.9571119,1.980230676,5.529637203,-5.129257973
KIS정보통신,0.014898694,0.042352451,66317,3286772668,164338633.4,12819.46307,8428.632926,1.132624737,0.12814459,384.3487939,2.842695595,18.24859146,-4.754579877
엔젤게임즈,3.94214E-06,0.238239454,184399563.8,2.55511E+11,12167189697,110304.9849,91063.2405,0.837842998,0.124556519,493.6621847,60433.98211,46.21033376,40.68255033
마이리얼트립,0.051536093,0.299053471,1543868,2.56554E+12,1.22169E+11,349526.5091,251170.3056,0.319602801,0.121577223,542.1020568,5.802796683,5.015380291,1.258970993
아이지에이웍스,0.006483538,0.110624375,3207040,1.11411E+13,5.3053E+11,728375.0261,459226.1212,4.089412822,0.11009877,572.9399963,17.06234662,24.22444402,12.97876589
몰로코,0.006615586,0.100250151,178841.5722,23906904107,1138424005,33740.53949,22112.06993,1.559756024,0.090812618,443.9111245,15.15363134,25.43603101,13.11254983
모비두,0.001342487,0.274083408,1625570,2.86087E+12,1.58937E+11,398669.5029,230752.2539,10.19234263,0.088787883,470.2519694,204.1609257,19.31157756,14.53004495
드림모션,0.000251197,0.498116602,257616,61038389776,3590493516,59920.72693,33381.49732,0.782296831,0.086016263,380.0264435,1982.97439,15.23443775,12.59189564
데일리펀딩,0.005602121,0.18089391,759078,7.06361E+11,39242256748,198096.5844,134941.1346,4.021990261,0.085827979,445.0743597,32.2902555,18.63184688,11.57026017
어뮤즈,0.007561888,0.158670003,118050,9102209700,568888106.3,23851.37535,13305.75236,0.816043875,0.08575349,328.5471092,20.98285584,18.30999874,10.38758452
체인파트너스,0.000138638,0.100124405,2718287.844,401979992.1,26798666.14,5176.742812,3909.397676,1.374374109,0.081666255,262.5579401,722.1990825,65.65031993,52.51529171
마켓비,0.007803307,0.08504452,2143688,3.67043E+12,1.74782E+11,418069.8302,255071.1543,0.888446262,0.08086184,549.6229577,10.89852273,25.72625909,11.54221256
커뮤니케이션앤컬처,0.000959807,0.307905401,928777,9.63656E+11,53536447261,231379.4443,125226.5496,2.143067358,0.0786123,450.6653133,320.7993476,18.68392974,14.42007009
스트리미,0.016303464,0.072724388,1784603,2.23713E+12,1.24285E+11,352540.4481,235128.3426,0.686685506,0.074893008,465.8251431,4.460670794,16.79585797,2.003207492
현대엔지니어링,0.003196452,0.146890865,508641,2.2702E+11,10810470620,103973.413,63871.54491,2.648967828,0.062811465,491.1794011,45.95434762,25.50281094,16.72819942
위즈돔,2.31427E-05,0.114751556,6914061.151,599687893.8,28556566.37,5343.834426,4435.468549,7.473974554,0.053399642,366.5153467,4958.436992,74.13520554,62.66091795
어브로딘,0.020836951,0.026444418,71731,3942813287,246425830.5,15697.95625,10247.70371,1.625211021,0.040592072,315.1611458,1.269111665,5.040403522,-22.81322932
스윙비,0.000204702,0.026779632,19937319.33,60577337675,2884635127,53708.79935,38939.25257,0.916978133,0.039851625,463.4359494,130.8228315,180.617543,131.8130058
레드로켓,0.012841835,0.056614776,39875,1139316955,63295386.39,7955.839767,4751.165121,0.910941029,0.034729792,329.339814,4.408620475,21.35954801,2.398676282
피알앤디컴퍼니,0.038128377,0.050712403,774841,6.91166E+11,32912659928,181418.4663,134549.2709,0.531623664,0.024853098,514.5595876,1.330043595,3.210369394,-11.61343002
랩도쿠,0.02334458,0.077955331,80413,4986925308,356208950.6,18873.49863,14239.00411,2.488339267,0.018618567,281.6743928,3.339333192,11.90298329,-1.097599713
에스브릿지,0.000168778,0.015427829,5412766.187,5142492661,244880602.9,15648.66138,9856.788646,1.760243463,-0.0128865,411.6419076,91.40882277,289.5079526,205.0692137
엔픽셀,9.5931E-05,0.689011896,844145,6.86518E+11,49036999733,221442.9943,102119.2357,2.458832491,-0.015702394,350.6217733,7182.371483,12.88533456,10.97422886
오윈,0.017254112,0.347083199,67592,8817162127,551072632.9,23474.93627,16723.05268,12.17854602,-0.016701154,328.0380349,20.1159702,8.238283456,4.623616884
퍼스트캔버스,0.007408865,0.065950898,147979,17560101292,975561182.9,31233.97482,15658.64512,4.429419785,-0.028266646,378.5734218,8.90161961,29.80153083,11.84948405
비지피웍스,0.000878268,0.005307677,2815940.629,9347671232,491982696.4,22180.68296,17001.53826,0.901331281,-0.034001742,386.265128,6.04334726,290.8137849,77.91859671
브이씨,0.014118149,0.061112731,275539,57595402640,4113957331,64140.13822,34544.72566,1.716423204,-0.047340715,315.9271176,4.328664436,19.47682987,1.971280319
캠핑톡,0.000184138,0.166080791,1988124.561,2023925873,126495367.1,11247.01592,9146.459129,1.294515644,-0.047380367,304.4914599,901.9358943,40.92590946,33.0050695
핀크럭스,0.000678063,0.024030118,110001762,3.72821E+13,1.96222E+12,1400791.175,968578.9465,4.52605327,-0.049362097,543.7968149,35.43937145,144.3984659,91.09798569
글루가,0.000157542,0.540399254,728264,6.25639E+11,36802315577,191839.2962,119274.5961,0.805547635,-0.060328597,419.5900523,3430.195908,15.05923656,12.62293771
카이아이컴퍼니,0.019723664,0.194357372,420611,1.47633E+11,12302765446,110917.832,89886.57522,2.710144707,-0.060814291,284.7970789,9.854019435,10.6869785,4.53529913
케어위드,0.021919468,0.346378731,28366,697754588.3,49839613.45,7059.717661,5415.573999,0.561290231,-0.068544723,254.1404895,15.80233318,7.494355411,3.91856302
아이씨비,0.016292987,0.31395996,36520,2070537960,129408622.5,11375.79107,7037.898408,5.739843264,-0.086031392,304.8557692,19.26963826,8.958377941,4.970653043
크로스파이낸스코리아,6.31389E-05,0.164643261,12850351.57,12613692410,788355775.6,28077.67397,21137.98721,5.477319953,-0.091716261,333.7673606,2607.636803,47.75891928,39.76312859
캔슬마켓,0.027429186,0.346613935,26797,619690206.5,51640850.54,7186.156869,5543.951482,0.610456076,-0.095178911,219.1178831,12.63668331,6.781581633,3.260709777
두번째,0.000870618,0.621398427,84878,5728188131,440629856.3,20991.1852,14500.60213,0.878045578,-0.13641235,264.7483048,713.7442086,10.55897719,8.442596967
버드뷰,0.161557815,0.117845943,8137585,4.07338E+13,1.9397E+12,1392732.839,1054966.361,0.201544063,-0.137062384,600.1646947,0.729435112,-1.129136079,-5.842594152
산너머남촌,0.056361785,0.401222936,91025,11053708163,552685408.1,23509.26218,17238.84976,0.355677698,-0.168429982,408.6059903,7.118705292,4.289316881,1.411253351
모인,0.01732819,0.330444037,67132,7733644925,368268806,19190.33105,13728.2647,0.592203234,-0.226254303,420.2107973,19.0697374,8.477107758,4.690267429
미머디,0.020436494,0.338846396,29722,1131570146,53884292.67,7340.59212,6139.269619,0.437300195,-0.232633202,379.8493411,16.58045663,7.816193782,4.150675791
꾸까,0.022805019,0.357238873,85187,9964183324,474484920.2,21782.67477,17632.30986,0.432670262,-0.261352677,425.5325483,15.6649234,7.239753346,3.774474922
차이코퍼레이션,0.355237201,0.16523868,3022073,5.17923E+12,4.70839E+11,686176.8643,459369.27,0.268709035,-0.312188143,301.6555952,0.465150271,-1.470567205,-4.000862929
엑스바이블루,0.024986643,0.375296628,229965,1.17624E+11,7841585254,88552.72584,72048.03943,17.94868392,-0.327064995,347.7406028,15.0198897,6.768644852,3.478580061
사운드짐,0.023597855,0.346795292,66570,6695039901,515003069.3,22693.67906,15945.08567,0.973204814,-0.423055608,266.7758844,14.69605158,7.256016688,3.700449026
트레이지,0.08060568,0.159835081,822468,7.71789E+11,36751842771,191707.7014,167739.8002,0.349116956,-0.476364685,516.8765383,1.982925785,2.84716044,-2.630105109
웨이브코퍼레이션,0.026164473,0.351560075,1587427,3.95565E+12,2.47228E+11,497220.6064,368180.2499,16.59931465,-0.521951966,425.7372506,13.43654345,6.877970027,3.39141374
공구우먼,0.032085867,0.444771809,179076,59771988931,2846285187,53350.58751,44901.29861,0.526813732,-0.64114059,463.1548913,13.86192283,5.513480956,2.751738904
쓰리아이,0.030397425,0.339478198,140844,27324253117,1951732366,44178.41515,31504.2482,0.67370324,-0.702713164,305.4877649,11.16799213,6.523954789,2.96341223
아웃오브스탁,0.049389289,0.390757576,54914,6205873864,443276704.6,21054.13747,16280.25322,0.888732105,-0.785610683,284.7358665,7.911787841,4.699235509,1.707148094
어픽스,0.017488246,0.329510218,81297,17191868741,818660416.2,28612.24242,20073.79468,1.442663861,-0.807741768,436.9867784,18.84181029,8.461358353,4.666073839
사이다경제,0.017851839,0.309330889,322445,2.29728E+11,10939417029,104591.6681,82402.15843,0.819031361,-0.815172424,491.4284052,17.32767651,8.71777384,4.692628907
에임,1.99936E-07,0.720504171,1034337,3.56889E+12,1.69947E+11,412246.6882,263344.9463,0.899119845,-0.905420486,549.0338427,3603678.583,20.95402376,19.12619599
마카롱팩토리,0.020592286,0.36796945,2191428,9.16961E+12,4.36648E+11,660793.6557,501847.4097,0.549682186,-0.911168628,568.8502698,17.86928637,7.419885007,4.030570575
아이헤이트플라잉버그스,0.089478238,0.583862649,354651,2.91397E+11,15336698194,123841.4236,87589.30266,0.626983624,-0.922696835,451.616773,6.525191605,2.785617735,0.829761613
이스트몹,0.251059445,0.076872836,7900915,8.17281E+13,3.89182E+12,1972768.659,1658640.144,0.329588698,-0.935475407,614.787838,0.306193761,-3.609090165,-7.625034839
넷마블에프앤씨,0.01971733,0.354377827,821783,1.91802E+12,1.00948E+11,317723.4779,249418.1903,2.011748047,-0.958487077,487.4195953,17.97291116,7.722275015,4.201892914
텔레센트로,0.026626953,0.363324952,5793,68645260.59,4037956.505,2009.466722,1580.792036,1.185519147,-1.061795292,264.5912382,13.64500666,6.701784522,3.324552921
트리플,0.021374189,0.365480502,2487559,1.61442E+13,8.0721E+11,898448.3956,680568.6759,0.964305756,-1.13071834,554.336982,17.09915202,7.338747442,3.934477239
스무디,0.069569305,0.429472798,215761,1.27919E+11,7524622180,86744.58012,64121.86847,1.255982211,-1.143006564,392.6045894,6.173308742,3.647457689,1.008486172
와그,0.07568892,0.287807819,405732,3.50219E+11,16677077533,129139.7597,101774.6812,0.509587597,-1.215064663,500.2833212,3.802509271,3.67447914,0.051453794
비트바이트,0.020723681,0.211742178,1182982,2.85176E+12,1.67751E+11,409573.601,318078.2719,0.755219317,-1.220451522,445.3776446,10.21740203,9.99756418,4.332397256
웨이버스,0.033460994,0.419004561,43481,5817351711,277016748.1,16643.82012,13400.7666,1.135201385,-1.228565159,414.231359,12.5221791,5.586063674,2.67543792
이스트컨트롤,4.55272E-07,0.86365507,19417,966911108.6,60431944.29,7773.798575,5318.478829,0.917711695,-1.250292437,292.6724544,1897007.654,16.73790979,15.21304501
타이어비즈,0.017946724,0.323855172,34783,3735483179,177880151.4,13337.17179,10826.814,1.36390933,-1.360696715,404.9290321,18.04536426,8.463641841,4.610655903
망고슬래브,0.021727796,0.346024554,151327,56178123489,3121006860,55865.9723,44899.46544,0.737652199,-1.400897213,399.505587,15.92543285,7.526579731,3.945479848
얄라팩토리,0.133632018,0.13363376,24560,545478455.5,49588950.5,7041.942239,6356.773164,0.442330077,-1.451540946,200.9120645,1.000013033,4.87652E-05,-4.927472849
에이비티아시아,0.024839274,0.318785969,104245,52105435874,2481211232,49811.75797,39469.9117,2.808277606,-1.547555381,460.2722662,12.83394896,7.426968693,3.594427505
타이드스퀘어,0.022621825,0.376925588,316548,3.4363E+11,16363334380,127919.2495,96704.10523,0.927692779,-1.632134892,499.8844882,16.66203276,7.040798044,3.744673844
캐시카우,0.022924381,0.381464115,252438,1.99561E+11,9502895003,97482.79337,73159.28515,0.869491582,-1.77105556,488.4721089,16.64010526,6.953253593,3.696588503
체커,0.019180313,0.32452265,30120,2866301625,136490553.6,11682.91717,9264.3394,0.946756738,-1.79672016,399.3670853,16.91957049,8.229405266,4.397730707
뉴스젤리,0.064333555,0.461640092,26623,3334661304,158793395.4,12601.32514,9440.000088,1.54521758,-2.004024148,402.5454048,7.175727955,3.74677367,1.24292599
오지큐,0.759814978,1.614102069,779890,1.48005E+12,70478704146,265478.2555,208860.9826,0.516975858,-2.09296512,530.5501051,2.124335682,0.317390675,-0.237370874
홈마스터,0.022470875,0.338838976,28542,2082750291,115708349.5,10756.78156,8578.494125,0.794766073,-2.210619436,340.1985004,15.07902896,7.509634634,3.864680325
집닥,0.028113639,0.366638924,296701,3.68144E+11,17530679968,132403.4742,109514.9994,1.048431312,-2.225948042,501.3315848,13.04131871,6.505651695,3.169491221
위버스마인드,0.039326624,0.427400075,1410908,1.2312E+13,5.86285E+11,765692.6277,623876.6607,2.852727979,-2.274604304,575.0385162,10.86795735,5.111811196,2.290121546
글로우데이즈,0.282347836,0.353291016,1323176,4.99457E+12,2.37837E+11,487684.8982,385666.056,0.650847667,-2.318157652,556.0918406,1.251261639,0.352641052,-1.719223961
마타컴퍼니,0.021993987,0.307785032,38443,5568643430,265173496.7,16284.14863,13380.77471,1.144849387,-2.326327866,413.3137924,13.9940533,8.001213901,4.007758226
투데잇,0.038666253,0.447304489,1134765,5.50524E+12,2.62154E+11,512009.9864,393167.9259,1.146691298,-2.366393228,558.1361752,11.56834343,5.037900726,2.32794767
하우스미디어,0.631748383,1.783555235,441975,6.23088E+11,29670863742,172252.3258,144700.172,0.698326584,-2.539411868,512.382059,2.823205066,0.429706965,-0.115548665
래드손,0.035977099,0.428352246,23665,2675104444,127385925.9,11286.53737,9294.213631,1.229975837,-2.553352872,397.9173683,11.90624748,5.334711848,2.498453683
탐생,0.086525173,0.336090755,2771405,3.97915E+13,1.89483E+12,1376528.885,1078464.278,1.635928948,-2.681243423,599.6731747,3.884311835,3.210825109,0.094620043
더블유아일랜드,0.025623012,0.353273053,464731,8.6436E+11,41159998452,202879.2706,170549.4378,1.181972516,-2.771243116,519.2553869,13.78733536,6.924723397,3.448947267
라이앤캐처스,0.021538893,0.321500694,165979,1.11167E+11,5293649976,72757.47368,57808.62003,1.520756335,-2.830486244,476.1852503,14.92651902,7.879963528,4.040879211
제플린엑스,0.763592719,0.590296677,96176,12327247786,587011799.3,24228.32638,20306.89405,0.314812314,-3.04085162,430.0016651,0.773051736,-0.1901258,-1.162847723
아티스츠카드,0.027569371,0.372844806,499034,1.12478E+12,53560848789,231432.1689,181680.6461,1.45033474,-3.084721549,524.7857683,13.52387798,6.504407223,3.215418037
체인로지스,0.062770234,0.367017868,101166,29745920654,1416472412,37636.05203,30460.93676,0.691739134,-3.232519878,448.5001434,5.847004973,4.108837713,1.044634929
트라이어스앤컴퍼니,0.063859112,0.210828217,242534,1.74992E+11,8332942827,91284.954,75461.32967,0.739402422,-3.307801347,485.7131327,3.301458631,4.348086905,-0.446302044
매드스퀘어,0.026952813,0.316840937,211568,2.84556E+11,13550274144,116405.6448,96731.92934,2.644859461,-3.336802125,495.9231249,11.75539385,7.167995872,3.337333174
온오프믹스,0.093140418,0.203736897,582222,1.31805E+12,62764208454,250527.8596,207185.2786,0.941697309,-3.383077123,528.1156672,2.187416606,2.636514058,-1.799520049
애딧,0.08858076,0.212660801,571152,1.64338E+12,78256355996,279743.3752,230410.499,1.462818312,-3.395251859,532.7483737,2.400756104,2.907247349,-1.464519582
브로콜릭,0.078618997,0.315310997,128086,97861893261,4660090155,68264.853,55905.47938,2.30365665,-3.580155637,473.5083133,4.010620956,3.525870336,0.182743597
와이즈모바일,0.034352133,0.390339224,62958,14214649232,676888058.7,26017.07245,22427.31624,0.855006085,-3.598250686,432.9933458,11.36288167,5.722631295,2.621654843
