,p,q,m,SSE,MSE,RMSE,MAE,MAPE,Adjusted-R2,AIC,q/p,t*,t**
아테나스랩,4.9928E-07,0.882362958,658301.6805,4876391403,243819570.2,15614.72287,12890.39633,0.585318307,0.994157942,392.2387809,1767272.116,16.30274647,14.81021198
다날핀테크,2.3603E-11,2.224380902,2372750.324,19559499627,1629958302,40372.74207,24442.90861,0.885685221,0.993237988,260.5418432,94241610640,11.3600722,10.76801627
카카오페이,0.002084378,0.475107132,14226950.15,4.11999E+12,2.42353E+11,492293.1825,394988.5188,0.310409904,0.988367484,451.6322104,227.9371799,11.37713048,8.617320486
호갱노노,0.003737581,0.334845974,12298610.78,3.58866E+12,1.70889E+11,413386.9027,342124.6487,0.210172508,0.988293776,549.1498482,89.58896034,13.27658133,9.386971577
해피문데이,3.91748E-07,0.785134633,2043786.605,21754850306,1144992121,33837.73221,22260.63223,0.853103691,0.987853889,402.3146083,2004181.509,18.48184816,16.80448331
팔로,0.012436457,0.648163726,11880686,3.51745E+12,2.51247E+11,501245.2196,422519.9559,29.91308741,0.984742623,373.4958202,52.11803701,5.984725997,3.99114814
당근마켓,0.000435654,0.458509627,70589855,1.63777E+14,7.79888E+12,2792648.147,2101259.867,0.321565263,0.984244165,629.3850361,1052.463459,15.1627855,12.29325409
페이타랩,0.001005046,0.593914845,888685.5245,14168694361,1012049597,31812.72697,22102.96337,0.264448131,0.983856308,296.2934078,590.9327372,10.72699415,8.513321496
시프티,0.003370929,0.191631913,852326.0228,5852158623,278674220.1,16693.53827,13661.26213,1.403822361,0.983139496,414.3566337,56.8483965,20.71963654,13.96610473
고퀄,0.00495849,0.574510578,438321,4748336638,365256664.5,19111.68921,15363.5248,4.156300372,0.981321806,262.3094411,115.8640298,8.201330515,5.928633022
모두의클래스,7.21928E-12,1.363802074,779965.2455,8650460058,432523002.9,20797.18738,16242.26709,8.841634617,0.979105413,403.7029214,1.88911E+11,19.03835065,18.07269887
에이블리코퍼레이션,0.002005525,0.338294871,15572395.95,9.42276E+12,4.48703E+11,669852.9178,504477.678,0.264271359,0.978930196,569.4221645,168.6814822,15.0690751,11.19908871
오아시스,0.012458761,0.364763433,1831550.234,91696812117,6113120808,78186.449,66589.46615,0.59934656,0.977942805,344.0055488,29.27766608,8.951819467,5.460620064
매스프레소,0.012743831,0.374817368,6767258,3.44935E+12,1.64255E+11,405283.328,307959.6398,0.558623088,0.968791017,548.3183504,29.41167224,8.724793969,5.326729609
빌리어네어즈,0.030256363,0.524994425,617476.4002,13007071570,1182461052,34386.93141,27429.57214,1.182352253,0.967885536,235.7995011,17.35153753,5.139445418,2.767620066
어바웃펫,1.65474E-11,1.269781212,1942835.119,1.08781E+11,5180046086,71972.53702,31705.70658,0.831361243,0.967384616,475.7296756,76736057148,19.73854811,18.70139471
컬리,0.003893798,0.269344019,19484768.5,1.77371E+13,8.44622E+11,919033.284,650716.1627,0.180883095,0.966941765,582.70526,69.17256751,15.50519034,10.6853674
올리브유니온,1.18115E-12,1.631678658,581900,21199102001,1059955100,32556.95164,20989.63446,0.862157918,0.966246212,421.6298477,1.38144E+12,17.13213892,16.3250205
브레이브모바일,0.002755201,0.225517709,8285516.488,1.51319E+12,72056879169,268434.1244,209583.2495,0.206313874,0.96560016,531.0151543,81.85162449,19.29667493,13.52744943
버킷플레이스,0.000142507,0.571434117,23803129.77,5.24488E+13,2.49756E+12,1580367.253,1102813.053,0.432195754,0.963699294,605.4730483,4009.856079,14.51513283,12.21105348
와이랩,1.32652E-11,1.415201237,937520,65486957663,3118426555,55842.87381,33871.47393,1.204972772,0.962800686,465.0724825,1.06685E+11,17.94313381,17.01255386
에프아이에프엘,0.003948752,0.223573668,206456.1218,348039554.6,21752472.16,4663.954562,3543.137078,0.480028731,0.961218252,276.3238075,56.61881532,17.74041146,11.95215598
클래스101,0.000559319,0.640196934,7005776,4.20963E+12,2.47625E+11,497619.7101,318097.513,0.277139762,0.959679344,451.9981086,1144.601742,10.99140587,8.936087809
하얀마인드,2.28603E-06,0.951362667,690450,33318104326,1959888490,44270.62784,28438.28289,0.569524418,0.959652543,369.7346081,416163.3443,13.60028355,12.21600101
땀,0.010874421,0.145049505,1688290.744,88308315635,4205157887,64847.18874,54850.58108,0.174235527,0.958065169,471.3511312,13.33859583,16.61490863,8.168752002
비누랩스,0.023227923,0.132669704,10045730.78,4.88253E+12,2.32501E+11,482183.9675,410572.998,0.161195669,0.956175164,555.6154018,5.71164719,11.1772545,2.7296731
링커리어,0.001788368,0.570448742,1144194,93853208464,6256880564,79100.44604,68086.93905,0.351630164,0.951712563,344.3542138,318.9771925,10.07470417,7.773284227
아임웹,9.23585E-06,0.689477255,4997200.563,2.63789E+12,1.25614E+11,354420.3168,288111.407,0.612036652,0.950508056,542.6860306,74652.25274,16.27384457,14.36378844
밸류맵,0.021122511,0.201994789,722134.4298,37412674911,1969088153,44374.40876,35824.82584,0.408488717,0.95003424,412.6158917,9.563010302,10.11980051,4.217264496
미리디,3.38093E-06,0.732379887,4833650,2.59149E+12,1.23404E+11,351289.1869,224771.0959,0.660964619,0.94869657,542.3133324,216620.8355,16.77523824,14.97705694
우리은행,0.000500384,0.537608406,25180972,8.2341E+13,3.921E+12,1980151.893,1626328.49,0.490654209,0.947597402,614.9447328,1074.392636,12.97044562,10.52306338
펫프렌즈,0.002668117,0.319569667,705191,42662485376,2133124269,46185.75829,28110.02055,0.715103299,0.944875983,435.6170707,119.7734966,14.85115239,10.76423905
유니크굿컴퍼니,2.22115E-13,2.104132344,460674.8346,20835322994,1225607235,35008.67371,27183.79334,0.726539886,0.944229307,361.7539384,9.47318E+12,14.20038338,13.57449219
노써치,0.001159601,0.475401999,519428.5546,4466813896,343601068.9,18536.47941,16171.56384,0.475423015,0.944113284,261.5148942,409.9704202,12.62393994,9.860482083
와이오엘오,0.000459621,0.417784861,591586.9081,21327191464,1122483761,33503.48879,17959.11379,0.760582241,0.942451365,401.9373845,908.9758885,16.28788629,13.13911098
아파트너,0.006657687,0.247810878,1613655.597,2.21362E+11,10541045610,102669.5944,82209.40424,0.242314572,0.940183472,490.6493942,37.22176696,14.21351875,9.038192301
부동산플래닛,0.001608325,0.437159088,559542.4788,25681990092,1510705300,38867.79257,26199.63343,1.066549168,0.94012783,365.3093219,271.8102187,12.77465905,9.773164728
브랜디,0.002931937,0.350817523,4543838,2.36796E+12,1.1276E+11,335797.803,267051.5957,0.304630914,0.939676999,540.4191082,119.6538342,13.52539976,9.802544897
비주얼,0.000716065,0.478352359,286758.981,7605694681,422538593.4,20555.74356,16304.27507,0.447153583,0.938992925,363.5122442,668.0293441,13.57704198,10.82804448
메가존클라우드,0.000385769,0.481537129,213187.7626,1559296693,97456043.32,9871.982745,6367.499189,0.413912167,0.938954556,300.3185919,1248.253537,14.79386168,12.06114675
비바리퍼블리카,0.029737584,0.218645148,44847246,2.02359E+14,9.63615E+12,3104214.399,2725749.423,0.170372728,0.937846717,633.8273917,7.35248539,8.032113943,2.729982484
클래스카드,0.00250912,0.407986224,5204442,4.26909E+12,2.0329E+11,450877.117,314852.9811,0.180672363,0.937650542,552.7959048,162.6013162,12.40282349,9.19460708
콘텐츠웨이브,0.005012821,0.227344897,39872020.62,1.05215E+14,5.01022E+12,2238351.947,1721918.898,0.280108093,0.937253389,620.0925174,45.35268183,16.41636585,10.74856232
밀리의서재,0.006662515,0.304441724,5332531,3.30252E+12,1.65126E+11,406356.8632,300728.6922,1.147155341,0.935273605,522.599481,45.69471677,12.28521571,8.052043247
드림어스컴퍼니,0.009125838,0.436120835,4613538,3.57872E+12,1.70415E+11,412813.5471,312831.9813,0.222210518,0.932700193,549.091555,47.78967486,8.684645711,5.726829344
큐리어슬리,0.007457316,0.258236785,288185.6506,10417722280,496082013.3,22272.89863,17200.22889,0.631133985,0.932503097,426.4672882,34.62864842,13.34121196,8.384542288
더브이씨,0.003167838,0.299890925,677992.2361,43778990612,2188949531,46786.2109,31611.66628,0.260324478,0.930696567,436.133752,94.66736968,15.01480878,10.66925585
백패커,0.016071466,0.228287287,11591518.63,1.49774E+13,7.13207E+11,844516.104,660372.3786,0.1913367,0.930544982,579.1538015,14.20450957,10.85927746,5.469833108
네오사피엔스,0.000216603,1.031996599,922497,62235901366,5657809215,75218.41008,56715.80924,0.537464941,0.930099373,253.0193285,4764.450276,8.204639725,6.928781313
레드블루,0.005388847,0.352188497,310750,12874361862,677597992.7,26030.71249,17513.18476,0.974502721,0.929100088,392.34723,65.35507453,11.68931744,8.006315939
디어코퍼레이션,0.002204947,0.853497686,669392,46335969029,3861330752,62139.60695,43282.58779,0.233823896,0.927407566,270.8913326,387.083117,6.963446425,5.424409562
공팔리터,5.88197E-12,1.416186731,1746053.452,3.21085E+11,15289742007,123651.6963,104415.3027,0.778176999,0.927140174,498.4594077,2.40768E+11,18.50539709,17.57546471
키다리스튜디오,4.38693E-13,1.656563969,10414303,1.70516E+13,8.11982E+11,901100.533,763091.546,0.778859866,0.925939467,581.8776286,3.77614E+12,17.48180148,16.68680779
고고밴코리아,0.003907207,0.632706115,354658,13853924803,1065686523,32644.85447,25157.91981,0.359481146,0.924667736,276.2295057,161.9331125,7.991009919,5.922316329
카펜스트리트,0.000129524,0.93785388,412111,17821962071,1370920159,37025.93901,28232.15699,0.49539188,0.924661143,279.503724,7240.768017,9.475095745,8.071064617
콘텐츠퍼스트,2.08034E-13,1.700764147,29373018,1.51944E+14,7.23541E+12,2689870.96,1555921.477,0.87750813,0.924251603,627.8101588,8.17542E+12,17.48164368,16.70731062
딥서치,0.00256037,0.703993827,61836,332717043.4,27726420.28,5265.588313,4671.523291,0.463284386,0.92217415,211.6547558,274.9578231,7.949309105,6.085392789
노티플러스,5.10294E-05,1.261026467,15476558,2.37121E+13,2.15565E+12,1468212.64,916253.9478,0.797479563,0.920073157,318.3902392,24711.77522,8.020946509,6.976634878
모두닥,9.74697E-11,1.48477202,2050043,6.13763E+11,32303331249,179731.2751,147785.3612,0.750182608,0.919480498,465.7702877,15233165100,15.79147538,14.90449888
운칠기삼,0.009579467,0.336288936,2417793,9.18499E+11,43738065108,209136.4748,152419.5744,0.778645527,0.918441225,520.5311769,35.10518123,10.28815787,6.480472969
팬딩,3.35968E-11,1.991225956,597102,53546362938,3346647684,57850.21766,50319.14408,0.734351702,0.917556761,356.8995998,59268309596,12.45732084,11.7959404
토스뱅크,0.029226734,0.224536775,42133355,2.32786E+14,1.10851E+13,3329424.817,2993031.689,0.188361309,0.916056996,636.769025,7.68258186,8.034865521,2.845159952
헬로네이처,0.001619826,0.371760918,473576,33811833506,1610087310,40125.89326,31176.10607,0.365331867,0.915068627,451.1906391,229.5066571,14.55868339,11.03156552
자락당,1.32659E-11,1.671682944,57241.59667,144958898.9,9059931.183,3009.971957,2234.286927,0.81824714,0.914525405,262.3099533,1.26013E+11,15.28977404,14.50197041
한국신용데이터,0.009643562,0.299718187,503509,42001364515,2100068226,45826.50135,34665.25716,1.212910011,0.912986432,435.3047134,31.07961487,11.1085231,6.851507157
앵커리어,0.013168601,0.21520466,2357107.661,7.93992E+11,37809122624,194445.6804,134704.9758,0.181536623,0.911833937,517.4721412,16.34225736,12.2332808,6.466590377
링글잉글리시에듀케이션서비스,0.003247786,0.255422974,354898.5355,12464423522,593543977.2,24362.758,18062.48137,0.333217109,0.911524572,430.2340592,78.64524906,16.87452893,11.78327742
구루미,0.001231114,0.429724141,844362,1.54993E+11,7380618622,85910.52684,56534.79972,0.558226877,0.911247934,483.1645892,349.0531462,13.58661747,10.53071345
구름,0.001590587,0.381241964,1153711.283,2.51398E+11,11971342531,109413.6305,78369.63421,0.367960029,0.910101377,493.3214117,239.6862863,14.31260459,10.87256823
왓챠,0.005364818,0.252230835,15516422.69,3.28298E+13,1.56333E+12,1250330.082,904726.7336,0.249807642,0.90776596,595.6345619,47.01572597,14.94777605,9.835275592
와이피랩스,0.014754784,0.577708603,421837,24551983475,1753713105,41877.35791,33359.63708,0.769440487,0.907584777,303.9900161,39.15398709,6.190259753,3.967408643
서울보증보험,0.005516221,0.221504413,967591.5347,91755692395,4369318685,66100.82212,53354.69791,0.371776069,0.906671028,472.1553315,40.1551029,16.2661405,10.46509117
무신사,0.002951024,0.187749083,47924035.73,8.21031E+13,3.90967E+12,1977288.915,1343754.111,0.286169174,0.904331396,614.8839636,63.6216712,21.77740858,14.87149796
원티드랩,0.004251131,0.17193198,4363673.562,7.91144E+11,37673510626,194096.6528,145855.5463,0.274612762,0.90429913,517.396684,40.44382322,21.00038945,13.52545105
팔루썸니,0.000419461,0.644142174,1568048,4.71286E+11,27722702888,166501.36,126519.9282,0.486792968,0.902944408,414.7737977,1535.641429,11.38246995,9.339286144
탈잉,0.013571687,0.368226051,925273,2.11969E+11,10093742370,100467.6185,75877.26895,0.251745708,0.901115029,489.7388115,27.13192825,8.64518268,5.195822552
크라우드픽,0.000268105,0.637523916,1215626,3.4162E+11,18978898532,137763.9232,88358.41791,0.513547391,0.900113441,431.9986847,2377.885009,12.18887421,10.12400376
그램퍼스,1.93318E-11,1.498673563,265396.5631,5983179141,332398841.1,18231.8085,9635.627255,0.945810715,0.899393138,359.1932304,77523580161,16.73069346,15.85194446
인프랩,0.000756236,0.313511568,5291212.694,2.11355E+12,1.00645E+11,317246.7066,249521.2424,0.532826634,0.89781798,538.0322702,414.5682649,19.17866724,14.98810787
팀오투,0.013845485,0.303076898,206518,6970001044,410000061.4,20248.45825,16519.35497,0.30836078,0.897070882,343.1383537,21.88994437,9.737486309,5.582027542
빔모빌리티코리아,0.003059351,0.612869921,1300254,2.74626E+11,19616130030,140057.5954,112132.4151,0.390104412,0.892329875,337.7946524,200.3267501,8.60480256,6.466638399
집토스,0.023636962,0.201678825,363199,24871991465,1184380546,34414.83032,24638.66234,0.162773283,0.890473865,444.7422003,8.532349823,9.514933836,3.669990979
에이블트리,0.015858211,0.315336111,133196,3681801452,175323878.7,13240.99236,10334.81033,0.228241551,0.890405026,404.6250567,19.88472151,9.027786645,5.051396318
카페24,7.2058E-05,0.517701513,256647.657,10806384051,514589716.7,22684.57001,18730.50514,0.647529168,0.887811294,427.23649,7184.51351,17.14974185,14.60624027
스윗테크놀로지스,0.021363463,0.324162144,147230.7334,1894244875,157853739.6,12563.98582,10050.99754,1.204516741,0.886134282,232.5261536,15.17367005,7.870796348,4.059333848
데이콘,0.002360967,0.501965541,115904,1926482250,128432150,11332.79092,9034.408149,0.433682344,0.885351804,286.0636696,212.6101789,10.62696538,8.015645384
라프텔,0.0028097,0.294027608,11028443.49,2.20307E+13,1.04908E+12,1024246.707,766624.9423,0.590125463,0.884819296,587.2576552,104.6473455,15.66715491,11.23052292
위트레인,0.05795003,0.049670861,220960.0178,1820140035,151678336.2,12315.77591,9662.1008,0.714885892,0.883022876,232.0472715,0.85713262,-1.432460014,-13.66946983
딜리버리히어로코리아,0.032997387,0.112490357,34827843.11,1.71607E+14,8.17176E+12,2858628.855,2301755.819,0.217567388,0.882340518,630.3658112,3.409068586,8.429844877,-0.622174641
위시켓,0.000147773,0.510683811,1142414.42,2.88059E+11,13717073758,117119.9119,94580.0741,0.575629869,0.881664265,496.1800502,3455.862492,15.95012446,13.37205775
피플카,0.000717163,0.302477359,541945.9828,20789856296,989993156.9,31464.1567,24043.45673,0.449651307,0.880513015,440.9773804,421.7691393,19.935908,15.59230084
코드스테이츠,3.2225E-05,0.658355994,116021,2724551364,143397440.2,11974.86702,9303.168948,0.666288718,0.880476987,362.8414821,20429.95518,15.07432425,13.07404864
바닐라브릿지,0.00791659,0.409360719,30219,183024181.3,11439011.33,3382.160749,2345.56195,0.493238983,0.880470661,266.0406419,51.70922015,9.455668971,6.299595377
정육각,0.000259123,0.455324571,619195,90032655861,4287269327,65477.24282,36154.06642,0.597036749,0.879599142,471.7572328,1757.174846,16.39975857,13.50905393
프렌트립,0.017897737,0.362557253,682141,1.06283E+11,5061097415,71141.39031,48502.08582,0.178654071,0.879174076,475.2418327,20.25715634,7.907658486,4.446124451
디스코,0.007923601,0.282170833,982018,1.78327E+11,9385626121,96879.44117,62833.55663,0.258014163,0.878246665,442.2864592,35.61144016,12.31553084,7.775775002
와디즈,0.003827771,0.333575422,6757391,1.26076E+13,6.00361E+11,774829.8116,513557.5218,0.663583347,0.876357376,575.5367448,87.14612245,13.24109069,9.337873635
비햅틱스,0.000826169,0.337058826,612879.1726,29301577065,1542188267,39270.70494,25546.39157,0.4065886,0.876297829,407.9728957,407.977999,17.79070789,13.89305657
와이어바알리,4.60421E-05,0.560168286,240740.0245,12162301477,579157213.2,24065.68539,18376.30348,0.573300555,0.8722506,429.718775,12166.42656,16.79077996,14.43996915
더블유컨셉코리아,0.00134601,0.20499464,16708509.71,6.44507E+12,3.06908E+11,553992.751,447122.0782,0.480667063,0.871344356,561.446089,152.2980613,24.35700163,17.97455638
핏펫,0.004578419,0.392529161,203389.0142,7676631481,479789467.6,21904.09705,14418.05688,0.348302031,0.868861209,325.8217273,85.73466011,11.20919721,7.892821594
마보,0.031210794,0.232083104,736311,1.08228E+11,5153727933,71789.46951,55444.78975,0.171316951,0.868828478,475.6227094,7.435988413,7.620121563,2.618266581
그린카,0.044094593,0.113977351,1362361.823,3.21323E+11,15301074366,123697.5116,110572.343,0.197761698,0.867015108,498.4749665,2.584837379,6.007787188,-2.323595777
사람인에이치알,0.001716169,0.354927461,30962126.27,2.42397E+14,1.15427E+13,3397457.747,2630047.351,0.420353834,0.865423359,637.6185955,206.8137941,14.94999038,11.25734656
크라우드웍스,0.005185846,0.374702742,269798,17056309917,947572773.2,30782.67001,23606.54639,0.599969882,0.862440615,378.0494574,72.2548958,11.2669878,7.800292727
라라잡,0.000174923,0.756722285,478475.0889,13544954343,1128746195,33596.81823,25802.73152,0.570280605,0.862337407,256.1324795,4326.036011,11.06148476,9.321541891
인플루엔셜,0.013395994,0.329709098,1901459,9.08563E+11,50475740017,224668.0663,164158.3532,0.408550049,0.858733279,449.6056559,24.61251499,9.336075539,5.497724173
에이치소사이어티,0.021087095,0.377191911,345643,32098637467,1528506546,39096.11932,28517.50938,0.200329642,0.857908764,450.0986966,17.8873339,7.241388107,3.934766677
투스라이프,0.000928478,0.357018424,3477722.876,2.52992E+12,1.20472E+11,347091.2225,274970.9611,0.48991052,0.855641205,541.8084024,384.5199276,16.62815234,12.9489533
더스윙,0.007411573,0.39092987,1011567.471,75971681059,6330973422,79567.41432,58257.39432,0.313340203,0.855545432,276.8246381,52.74586782,9.954990864,6.648887727
벤디스,0.026997136,0.127277484,286019,14305990326,715299516.3,26745.08397,18909.46401,0.376716296,0.855380347,413.7642383,4.714480946,10.05115959,1.514707525
미소,0.041063884,0.1260803,490269,56366287536,2684108930,51808.38668,39141.43749,0.214341094,0.852654994,461.9229074,3.070345244,6.711510916,-1.167661837
스파코사,1.21073E-16,2.279441145,19223.03117,63311057.3,3517280.961,1875.441538,1533.390625,0.90275564,0.852247427,277.3175783,1.88271E+16,16.44002582,15.86227109
클라썸,0.00614019,0.381327365,164298,6123639301,382727456.3,19563.42139,14166.96885,1.775702052,0.85096754,322.2053391,62.10351353,10.65586656,7.256980954
메디스트림,0.005721036,0.486995908,34798.26092,191841569.4,14757043.8,3841.489789,3008.209377,0.41912247,0.845240289,220.5940039,85.12372008,9.019591834,6.346743027
나이키코리아,0.023646481,0.184705371,225599798,1.68711E+16,8.03388E+14,28344100.27,21064074.17,50.0649413,0.842851405,726.7170374,7.811114574,9.865751846,3.544915786
매스아시아,0.014026165,0.355518212,780352,1.25375E+11,8358300667,91423.74236,68134.49606,3.819382641,0.842847723,348.6978146,25.34678663,8.747669189,5.183935093
눔코리아,0.009537464,0.275384953,18353162,1.03309E+14,4.91947E+12,2217987.501,1546390.658,0.378970628,0.842001929,619.7086541,28.87402399,11.80301082,7.180847662
패스트레인,0.002636515,0.189211258,954320.7331,38091613449,1904580672,43641.50172,30304.04721,0.36683311,0.838262752,433.350554,71.76567401,22.27498514,15.41038683
웍스아웃,0.000270129,0.460487602,818398,2.13177E+11,10151300104,100753.6605,73650.83193,0.561724053,0.836754462,489.8582201,1704.696977,16.14979447,13.29155073
겟차,0.034789194,0.159248716,324458,26968304842,1284204992,35835.80601,30332.76077,0.257669088,0.834770837,446.4415193,4.577533995,7.839501197,1.052384699
뉴지스탁,0.001746394,0.29401742,110128.2739,1772142962,88607148.09,9413.136995,7302.258233,0.923910992,0.831763867,371.9944618,168.3568971,17.33168791,12.87895287
뱅크샐러드,0.016305649,0.398359624,6815892,1.98115E+13,9.43405E+11,971290.192,694976.9421,0.392481026,0.831193062,585.0279836,24.43077414,7.707044177,4.531090016
자이언트스텝,2.84382E-09,0.988248058,91689.83843,847138370.8,40339922.42,6351.371696,5056.075335,0.782784696,0.831151114,373.7698955,347506650.5,19.90015983,18.56754108
앱포스터,3.20229E-12,1.397725115,734492.0244,94468411918,4498495806,67070.82679,57617.34903,0.778643029,0.830777114,472.7671872,4.36476E+11,19.17544414,18.2332289
생활연구소,0.008803173,0.279932852,214371,18425333372,877396827.2,29620.88498,22893.40889,0.61186656,0.828430282,438.4418685,31.79908658,11.98131603,7.42020213
플랭,0.005710489,0.729309303,72968,1325252135,110437677.9,10508.93324,8513.618551,0.562575186,0.824224253,228.239543,127.7139919,6.598180598,4.806449392
키튼플래닛,0.013139356,0.233165459,86930,1691908249,93994902.72,9695.096839,7161.748847,0.27355513,0.823866061,336.45752,17.74557698,11.677142,6.330279832
아우름플래닛,3.48466E-06,0.611801131,2184060.972,4.84199E+11,23057086721,151845.6016,128623.4706,0.621114175,0.823266674,507.0860192,175569.8336,19.73798799,17.58540878
키노라이츠,0.000676688,0.557987769,3243264,2.28289E+12,1.52193E+11,390118.6622,228885.01,3.128978779,0.822222161,392.226187,824.5862773,12.01952565,9.662193127
쉐어잇,2.22888E-12,1.825167715,48460,497182066.9,29246003.93,5407.957464,4277.639894,0.753243789,0.821401621,298.2513096,8.1887E+11,15.02940882,14.30785436
보고플레이,0.000262052,0.882722847,668687,1.32269E+11,10174510042,100868.7763,65843.40048,2.755340301,0.817050543,305.5609684,3368.498414,9.198597118,7.707113064
투믹스,1.22631E-05,0.635793379,146760189,7.65971E+15,3.64748E+14,19098384.27,12970306.75,0.712077394,0.812944769,710.1348005,51845.95581,17.0744509,15.0031294
스테이폴리오,0.006406591,0.210791122,149611.2062,4742872421,225851067.6,15028.34215,11877.79285,0.367803891,0.811705694,409.9431133,32.90222671,16.08460918,10.02120328
유리벳코리아,0.019257268,0.391999132,5910669,1.58062E+13,7.90311E+11,888994.1015,635244.0895,0.457969566,0.811448002,553.9138352,20.35590553,7.327232028,4.124952633
나인탭,0.007182187,0.266341255,827898,1.92829E+11,10148890257,100741.7007,61540.7585,0.296286415,0.806939465,443.7719738,37.08358893,13.20974356,8.394953691
한국증권금융,0.018554161,0.159377043,157400.7838,4167429213,231523845.2,15215.90764,13813.3788,3.148363892,0.80429237,352.6834817,8.589827305,12.08657379,4.685073297
뉴플로이,0.019309882,0.355379173,192546,12474395860,594018850.5,24372.50193,18322.63339,0.237146487,0.803935849,430.2508538,18.40400577,7.773294447,4.258492289
오시리스시스템즈,0.000408445,0.576246035,140156,6284553982,369679646,19227.05505,13696.79587,0.488530433,0.802655562,341.3785052,1410.830593,12.57587366,10.29208338
디코드,0.002440477,0.281275849,63864,1142860750,54421940.47,7377.122778,5228.81507,0.487106874,0.800816867,380.0578369,115.2544493,16.73200254,12.09019036
리테일앤인사이트,1.59558E-05,1.09925328,176509,5692467369,474372280.7,21780.08909,16236.20348,1.51466859,0.800648233,245.7300357,68893.5482,10.13429417,8.936263833
패스트파이브,0.016039873,0.098658512,230913.4223,7647140931,364149568.1,19082.70338,15669.71421,0.344648913,0.799064814,419.9745801,6.150828721,15.83794589,4.356024062
비디오몬스터,0.02306882,0.410803723,99086,2124063674,177005306.2,13304.33411,11129.49203,1.787594278,0.796256196,233.9002832,17.80774794,6.637049729,3.601693102
파이브락스,1.38642E-07,0.877132432,34369062,4.57279E+14,2.17752E+13,4666391.414,2644093.504,1.953342435,0.795923147,650.9476578,6326584.816,17.85393868,16.35250327
메가스터디교육,0.059665587,0.114503218,7729544,2.37163E+13,1.12935E+12,1062707.82,839903.2943,0.826932635,0.795503085,588.8058918,1.919083062,3.742619123,-3.81876879
글로벌네트웍스,0.013663276,0.210244758,278371.9598,22623536827,1077311277,32822.42035,27053.08471,0.300600328,0.795110959,442.7524185,15.38758004,12.20840826,6.326717135
크리에이터링크,0.009128388,0.092036795,4102589.116,1.06918E+12,50913290803,225639.7368,181580.8085,0.2978751,0.792862524,523.7211867,10.08248039,22.84184368,9.823947066
페이레터,0.000987975,0.33576014,9287787.395,2.23074E+13,1.06226E+12,1030659.089,792052.6745,0.651289544,0.792705099,587.51978,339.8466997,17.30817297,13.39736297
코데즈컴바인,3.0065E-08,1.462760069,46794,444178900.6,31727064.33,5632.678255,4923.474187,0.998462527,0.789865876,247.8175289,48653275.77,12.10056913,11.20024521
짐싸,0.014754508,0.165745278,217490.732,13259380961,662969048.1,25748.18534,17510.19696,0.530055233,0.7838764,412.2447772,11.23353495,13.40114331,6.104969018
이십사점오,0.026306357,0.374692734,251359,13387346219,1115612185,33400.7812,27209.24928,4.228232099,0.783417773,255.9920296,14.24342912,6.62419378,3.340002056
워시스왓,0.006986938,0.133021561,332278.5607,9441189936,472059496.8,21726.93022,15591.48276,0.687646921,0.782754023,405.4523118,19.03860644,21.04492837,11.63865728
매쓰홀릭,0.034692208,0.124486192,264238,24458720771,1164700989,34127.71585,26350.81775,0.400622899,0.782194773,444.3903348,3.588304102,8.026715263,-0.246755847
트리플콤마,0.039548742,0.24804268,165318,7409624458,463101528.6,21519.79388,13358.43139,0.583225283,0.782115316,325.25531,6.271822267,6.384289687,1.805022715
아이알큐더스,0.015319886,0.206851723,153826,5191112117,305359536.3,17474.53966,12265.08288,0.287694713,0.778910259,338.1290076,13.50217147,11.71549569,5.787835061
채널코퍼레이션,8.12975E-06,0.634474628,1344782,6.87707E+11,32747970894,180964.0044,113174.781,0.797483712,0.778759191,514.4542436,78043.5659,17.75465503,15.67901487
트레드링스,0.000716593,0.281286343,400069.0981,18514989264,881666155.4,29692.86371,16155.88801,0.479520014,0.757450886,438.5438047,392.5330673,21.17928586,16.50927101
엔코드,0.005752648,0.279663713,63864,1182497763,65694320.18,8105.203278,6217.215159,0.475456787,0.75446344,330.0094145,48.61477852,13.60793597,8.993771981
설로인,6.77761E-05,0.697202513,106020,3709938056,231871128.5,15227.31521,9280.47197,0.936052476,0.753429222,314.1870767,10286.85201,13.24969957,11.36096587
바램시스템,0.01042007,0.217618483,74573,1970095424,98504771.19,9924.956987,7906.896029,4.932791784,0.752902599,374.1123109,20.88455011,13.32673628,7.551581682
알리콘,0.013929673,0.108861419,2652680.056,1.18345E+12,56354984496,237392.0481,179003.3593,0.297826652,0.752678972,525.8536671,7.81507359,16.74432855,6.01913766
더코퍼레이션,0.000280437,0.823388744,5501136,1.10815E+13,8.52427E+11,923269.6695,632737,1.295913993,0.752111372,363.1275926,2936.095106,9.69422672,8.095334923
아이지넷,0.004916355,0.242189168,138424,7433045947,353954568.9,18813.68037,14846.05571,0.950418726,0.749825882,419.3782617,49.26193276,15.77120401,10.44166756
해빛,0.107173714,0.035851344,744234.6087,1.52878E+11,7279908759,85322.38135,62889.63587,0.178423645,0.744336669,482.8760675,0.334516209,-7.656490113,-16.86437238
에이에프아이,0.000482218,0.584270727,80857,1973766692,131584446.1,11471.02638,7702.120322,1.592695524,0.743584484,286.4273907,1211.63293,12.14140831,9.889247104
써머스플랫폼,0.006584514,0.176852437,20046804.83,7.83909E+13,3.7329E+12,1932071.946,1559849.48,0.420750641,0.743524243,613.9123484,26.85884508,17.9385624,10.75921336
스튜디오씨드코리아,0.046575215,0.06242315,448901,68759224594,3274248790,57221.05198,42964.52401,0.230391944,0.742625174,466.0964404,1.340265426,2.686899703,-9.395464107
뮤팟,0.03573309,0.273993331,72192,1367420557,105186196.7,10256.03221,8382.613131,0.65178836,0.741191963,246.1261543,7.667776094,6.576857795,2.324854063
자비스앤빌런즈,0.00076238,0.349448723,2035918,1.50197E+12,71522210172,267436.3666,170282.6946,0.483250638,0.735643331,530.8587513,458.3657607,17.49706798,13.73659926
시옷,0.000125621,0.486281449,706443,2.17387E+11,10351775115,101743.6736,72243.74575,0.560214005,0.720322246,490.2689009,3871.02236,16.98428013,14.27675802
풋셀,0.008497822,0.128608457,1418947.479,3.01442E+11,14354382804,119809.7776,94159.58495,0.393845963,0.716718748,497.1337442,15.13428518,19.81647192,10.21109196
스마일벤처스,0.019923485,0.378961609,214302,17974004475,1283857463,35830.95676,26714.32919,0.456866735,0.707620777,299.6238904,19.02084962,7.384421668,4.082824494
포잉,0.078550085,0.00410557,180281,10667175461,507960736.2,22537.9843,17442.62484,0.210268857,0.705743436,426.9642089,0.05226691,-35.70707632,-51.64014087
펫피플,0.002733005,0.411330237,56483,1625997542,95646914.24,9779.92404,6618.48215,0.474618432,0.69915277,318.3949579,150.50473,12.10924807,8.928676203
리뷰쉐어,0.001372655,0.630254491,84261,2445774455,188136496.5,13716.28581,10983.24875,0.985891714,0.69547268,253.6848179,459.1499486,9.704106109,7.619081888
고운세상코스메틱,0.005937262,0.243374653,156766,11199019241,559950962.1,23663.28299,16640.85994,0.890871491,0.684293013,408.8671954,40.9910554,14.89441,9.612039538
유니테이크홀딩스,0.056065477,0.005839582,194208,13443943100,640187766.6,25301.93207,18464.61115,0.26819529,0.681095532,431.8227136,0.10415647,-36.53757889,-57.81141188
티켓플레이스,0.025400404,0.127008771,549206.9035,24970531379,2080877615,45616.63748,36961.90472,0.667431933,0.678790547,263.4726669,5.000265872,10.56032937,1.919393558
미스터멘션,0.00284858,0.311719966,105186,3918160922,217675606.8,14753.83363,10214.46582,0.521642828,0.672558994,351.5732965,109.4299634,14.92611007,10.73955705
하이앤디,0.000321548,1.005439935,51557.91016,801547271.4,72867933.77,8536.271655,6576.48465,0.51862886,0.669780148,205.1457516,3126.875153,8.001687847,6.692274115
널리소프트,0.004783837,0.38988759,155089,9754098846,650273256.4,25500.456,16627.92667,0.709873038,0.66879673,310.3935484,81.50102143,11.15007385,7.813227529
고피자,6.42698E-05,0.678643864,32300,413244078.6,25827754.91,5082.101427,3429.870481,1.111667012,0.664487772,279.0713639,10559.29074,13.65058253,11.71019338
다노,0.023268794,0.148887137,850213,4.30163E+11,20483948454,143122.1452,108452.3221,0.365057772,0.664027503,504.6010557,6.3985757,10.78136206,3.131565203
머지홀딩스,0.006354298,0.272547005,1772099,1.41401E+12,78555929253,280278.3068,176190.7989,6.525474589,0.65956447,457.5673803,42.89175718,13.47673755,8.75478795
미니맵,0.000320923,0.375695412,1090475,4.29723E+11,20463018242,143049.0064,76967.49358,0.525057615,0.658039216,504.5795872,1170.67192,18.78996334,15.28756791
청담러닝,0.002712742,0.196872025,661717.8223,73372305978,3493919332,59109.38447,36413.88202,0.423037082,0.657512164,467.4600892,72.57306888,21.46753963,14.8690506
아드리엘,0.009648563,0.302241219,73977,2361622768,157441517.9,12547.5702,9766.230449,2.389596678,0.655577618,289.1184695,31.32499918,11.04369772,6.821187164
코인플러그,5.6537E-05,0.494166796,291199,37602536304,1790596967,42315.44596,31262.68548,3.590207398,0.652247105,453.4221129,8740.587447,18.36362646,15.69892447
닷,9.17179E-07,0.738885215,123898,6447917792,307043704.4,17522.66259,14204.57088,0.903413221,0.650446327,416.3925138,805606.1373,18.40520434,16.62284865
갓잇코리아,0.008936397,0.260281472,444789.7503,39376689505,2625112634,51235.85301,44648.82257,0.456637931,0.648049299,331.3258446,29.12599818,12.52380165,7.632009344
트릿지,0.018932613,0.355255811,465161,1.31114E+11,6243502848,79015.83922,61271.44553,0.901820406,0.643900401,479.6509515,18.76422539,7.835496686,4.315992035
에스티유니타스,0.086297078,0.22004238,2896712,3.61203E+12,1.72002E+11,414730.6898,324072.7738,0.170055811,0.631027871,549.2861552,2.549824235,3.055513768,-1.243501151
하이어엑스,0.011960944,0.420404676,24626,279860618.3,21527739.87,4639.799551,3641.865531,1.446246795,0.629997969,225.5030875,35.14811778,8.232780095,5.186844349
파운트,0.001309231,0.389820021,627156,2.84723E+11,14985444779,122415.0513,83165.84857,8.517558132,0.62900144,451.1765592,297.7473948,14.56358848,11.19652275
모두컴퍼니,0.01797361,0.333475037,729372,3.00962E+11,14331542742,119714.4216,89634.35926,0.295686681,0.628243845,497.1003034,18.55359299,8.310356269,4.563129156
퍼플코퍼레이션,0.001377027,0.598522773,72808344,2.60299E+15,1.73533E+14,13173182.83,10564085.18,0.632180312,0.628064159,497.8108115,434.6485883,10.12592079,7.930624352
박스트리,0.006326426,0.297598006,70551,1793543315,112096457.2,10587.56144,6510.449284,0.791574342,0.621881881,302.5579245,47.04046621,12.67093995,8.337764453
케이티스튜디오지니,0.01501252,0.283830724,240559,22175184634,1478345642,38449.26062,34184.42363,0.500549985,0.62121639,322.7128424,18.90626794,9.836238777,5.429386945
스마트잭,0.020144331,0.171833143,17034.42537,61861842.69,4418703.049,2102.071133,1671.478826,0.677333419,0.619530825,220.218995,8.530099273,11.16589859,4.305938024
인스팅터스,0.001601272,0.299838134,676394,2.78084E+11,13242116646,115074.3961,66757.14625,0.461964976,0.612722295,495.4400331,187.2500121,17.35819731,12.98929971
아이앤나,0.023893792,0.13009109,44102,987927964.2,49396398.21,7028.257125,5428.3264,2.085343297,0.611729262,360.3077614,5.444556065,11.00508178,2.45256755
트립비토즈,0.006293306,0.121493404,188904.0962,4436312284,221815614.2,14893.47556,9021.573887,0.360019309,0.609412068,390.3471406,19.3051804,23.16652084,12.86061422
비브로스,0.031068992,0.091136683,2573235,3.11428E+12,1.48299E+11,385096.1384,290397.3525,0.340965124,0.608373114,546.1724283,2.933364639,8.806056721,-1.970512349
티오리한국,0.001468941,0.237293466,56881.47134,695780481.3,33132403.87,5756.075388,3966.349073,1.382732969,0.589528268,369.6364689,161.5405469,21.29630143,15.78053403
엔라이즈,0.019885277,0.37100492,403991,1.16341E+11,6463409283,80395.33123,62399.91666,0.494293033,0.579872503,412.6096098,18.65726678,7.486081081,4.11695618
비마이펫,0.002522157,0.36533955,120072,6961769314,435110582.1,20859.30445,12592.26451,2.383155749,0.579213803,324.2577723,144.8520341,13.52604166,9.946006356
도그메이트,0.011095031,0.12117541,135296.1056,7286015673,346953127.3,18626.67784,11517.85114,0.600844584,0.568946747,418.9587052,10.9215924,18.0746488,8.118094048
피유엠피,0.017871178,0.827659619,1216162,5.89255E+11,49104617424,221595.6169,146685.203,0.266478908,0.565272914,301.4066269,46.31253955,4.536100603,2.978548942
안다르,0.050234684,0.001902229,1762925,1.33434E+12,63540104945,252071.6266,176106.6066,0.248006055,0.562847706,528.3736795,0.037866843,-62.79005054,-88.0496569
아이브코리아,0.066648375,0.122896963,109877,4748476907,395706408.9,19892.37062,16818.50681,3.602020181,0.55860147,243.5541972,1.843960369,3.228333857,-3.719649715
이브로드캐스팅,0.053112248,0.432815834,515773,1.07265E+11,8251127506,90835.71713,76286.02684,0.309512981,0.553589612,302.837004,8.149077617,4.317315305,1.60712434
지지틱스,0.008597159,0.258548039,2993370.927,3.8145E+12,2.24382E+11,473690.2198,397533.5524,0.514743357,0.550101244,450.3225006,30.07365933,12.74082299,7.811077273
어반베이스,0.003265316,0.24552891,56790,1728210052,82295716.75,9071.69867,6885.470623,0.849908938,0.549416779,388.742422,75.19301187,17.36398141,12.07061941
한율씨엔에스,0.002238476,0.299150189,45731,1525550988,72645285.16,8523.220351,7257.606411,1.314393704,0.546090066,386.12308,133.640112,16.24198591,11.87235278
코리아센터,0.016415424,0.088729693,2106798.29,1.56505E+12,74526242256,272994.9491,200529.3655,0.431486441,0.545264605,531.7227601,5.405263575,16.04804162,3.522896054
111퍼센트,0.00642474,0.230234072,1254304,1.38173E+12,65796683888,256508.6429,175471.8171,5.531092258,0.545262252,529.1065408,35.83554779,15.12278514,9.557989604
라이트브라더스,0.001486101,0.523904833,152738,14212886809,1015206201,31862.30062,22679.47435,2.114838271,0.542315854,296.3370062,352.5365263,11.16340969,8.656784976
허닭,0.00057021,0.351482909,378564,74647224380,3554629732,59620.71563,38221.39889,0.580924941,0.538572968,467.8218516,616.4091844,18.24699358,14.50620043
에이에스엔,0.005071211,0.151611501,336539.6929,26282517290,1251548442,35377.23056,26342.42298,0.640532381,0.537299154,445.9005949,29.89650835,21.68549198,13.28023859
부트페이,0.002529606,0.304475436,8310,44437520.01,2338816.842,1529.319078,1168.737624,1.678971382,0.534362865,284.637959,120.364763,15.60406564,11.31437095
로앤컴퍼니,0.006916275,0.187684212,3733421,8.7982E+12,4.18962E+11,647272.6922,450499.3542,0.566373034,0.523398151,567.9819642,27.13660534,16.96236026,10.19486488
스티비,0.001608051,0.26699706,1547096,1.4105E+12,67166576314,259165.1526,143816.2137,0.494912112,0.518652125,529.5392733,166.0376664,19.03245489,14.12950316
마이플레이컴퍼니,0.002995929,0.21452852,201501.843,3564755750,222797234.4,14926.39388,10531.1836,1.084772499,0.516990632,313.5483624,71.60668049,19.63544047,13.5811422
비모뉴먼트,0.010973384,0.213959837,17186,185228266.4,10290459.25,3207.874568,2528.586471,1.042355474,0.516917438,296.6410993,19.49807275,13.20532207,7.350438158
이벤터스,0.007661153,0.423504403,157116,22822904379,1201205494,34658.41159,23720.11343,0.387430147,0.506756106,403.2252379,55.27946289,9.305941567,6.251528058
비알스톰,0.02530717,0.37055065,24472,410869988.4,29347856.32,5417.366179,3887.911918,0.845407484,0.506137922,246.7262209,14.64212107,6.779965537,3.453119813
튜터링,0.013937279,0.334395687,882336,8.6551E+11,41214770928,203014.2136,140833.3973,0.512716921,0.505946253,519.2833135,23.99289692,9.12275936,5.342014998
코드잇,0.004548342,0.40958907,186783,33104030302,1576382395,39703.68239,29602.7311,0.442588502,0.50278114,450.7463671,90.05239494,10.86690441,7.686902169
일리오,0.02049832,0.369924832,311277,45281057007,3234361215,56871.44463,44420.78067,0.407233839,0.501635917,312.559362,18.04659247,7.409798496,4.036643266
